NAME,ELEVATION,LATITUDE,LONGITUDE,PRECIPITATION,TEMPERATURE
"GROVELAND 2, CA US",853.4,37.8444,-120.2258,208.03,5.6
"GROVELAND 2, CA US",853.4,37.8444,-120.2258,176.02,6.1
"GROVELAND 2, CA US",853.4,37.8444,-120.2258,155.96,8.2
"GROVELAND 2, CA US",853.4,37.8444,-120.2258,81.28,10.3
"GROVELAND 2, CA US",853.4,37.8444,-120.2258,48.26,14.7
"GROVELAND 2, CA US",853.4,37.8444,-120.2258,11.68,18.7
"GROVELAND 2, CA US",853.4,37.8444,-120.2258,2.54,22.5
"GROVELAND 2, CA US",853.4,37.8444,-120.2258,2.54,21.9
"GROVELAND 2, CA US",853.4,37.8444,-120.2258,15.24,18.7
"GROVELAND 2, CA US",853.4,37.8444,-120.2258,60.96,13.7
"GROVELAND 2, CA US",853.4,37.8444,-120.2258,104.9,8
"GROVELAND 2, CA US",853.4,37.8444,-120.2258,161.8,4.9
"CANYON DAM, CA US",1389.9,40.1705,-121.0886,152.91,0.2
"CANYON DAM, CA US",1389.9,40.1705,-121.0886,164.08,1.4
"CANYON DAM, CA US",1389.9,40.1705,-121.0886,135.13,4.1
"CANYON DAM, CA US",1389.9,40.1705,-121.0886,69.85,6.9
"CANYON DAM, CA US",1389.9,40.1705,-121.0886,43.94,11.4
"CANYON DAM, CA US",1389.9,40.1705,-121.0886,18.54,15.7
"CANYON DAM, CA US",1389.9,40.1705,-121.0886,3.56,19.4
"CANYON DAM, CA US",1389.9,40.1705,-121.0886,5.08,18.8
"CANYON DAM, CA US",1389.9,40.1705,-121.0886,17.53,15.4
"CANYON DAM, CA US",1389.9,40.1705,-121.0886,54.86,10.1
"CANYON DAM, CA US",1389.9,40.1705,-121.0886,118.62,3.9
"CANYON DAM, CA US",1389.9,40.1705,-121.0886,171.2,0.2
"KERN RIVER PH 3, CA US",823.9,35.7831,-118.4389,66.55,7.6
"KERN RIVER PH 3, CA US",823.9,35.7831,-118.4389,67.06,8.9
"KERN RIVER PH 3, CA US",823.9,35.7831,-118.4389,52.83,10.9
"KERN RIVER PH 3, CA US",823.9,35.7831,-118.4389,18.54,13.8
"KERN RIVER PH 3, CA US",823.9,35.7831,-118.4389,8.64,18.2
"KERN RIVER PH 3, CA US",823.9,35.7831,-118.4389,2.54,22.9
"KERN RIVER PH 3, CA US",823.9,35.7831,-118.4389,4.32,26.7
"KERN RIVER PH 3, CA US",823.9,35.7831,-118.4389,4.57,26.3
"KERN RIVER PH 3, CA US",823.9,35.7831,-118.4389,5.84,22.8
"KERN RIVER PH 3, CA US",823.9,35.7831,-118.4389,12.95,17.3
"KERN RIVER PH 3, CA US",823.9,35.7831,-118.4389,38.86,11.1
"KERN RIVER PH 3, CA US",823.9,35.7831,-118.4389,50.04,7.4
"DONNER MEMORIAL ST PARK, CA US",1809.6,39.3239,-120.2331,140.72,-1.9
"DONNER MEMORIAL ST PARK, CA US",1809.6,39.3239,-120.2331,167.39,-0.9
"DONNER MEMORIAL ST PARK, CA US",1809.6,39.3239,-120.2331,135.89,1.7
"DONNER MEMORIAL ST PARK, CA US",1809.6,39.3239,-120.2331,65.53,4.7
"DONNER MEMORIAL ST PARK, CA US",1809.6,39.3239,-120.2331,45.47,9.1
"DONNER MEMORIAL ST PARK, CA US",1809.6,39.3239,-120.2331,18.03,13.2
"DONNER MEMORIAL ST PARK, CA US",1809.6,39.3239,-120.2331,6.86,16.8
"DONNER MEMORIAL ST PARK, CA US",1809.6,39.3239,-120.2331,9.14,16.4
"DONNER MEMORIAL ST PARK, CA US",1809.6,39.3239,-120.2331,23.37,12.9
"DONNER MEMORIAL ST PARK, CA US",1809.6,39.3239,-120.2331,55.12,7.8
"DONNER MEMORIAL ST PARK, CA US",1809.6,39.3239,-120.2331,127,2.1
"DONNER MEMORIAL ST PARK, CA US",1809.6,39.3239,-120.2331,182.37,-2.1
"BOWMAN DAM, CA US",1641.3,39.4539,-120.6556,255.27,3
"BOWMAN DAM, CA US",1641.3,39.4539,-120.6556,276.61,2.9
"BOWMAN DAM, CA US",1641.3,39.4539,-120.6556,239.01,4.4
"BOWMAN DAM, CA US",1641.3,39.4539,-120.6556,131.06,6.8
"BOWMAN DAM, CA US",1641.3,39.4539,-120.6556,89.92,11.1
"BOWMAN DAM, CA US",1641.3,39.4539,-120.6556,25.65,15.8
"BOWMAN DAM, CA US",1641.3,39.4539,-120.6556,4.57,19.9
"BOWMAN DAM, CA US",1641.3,39.4539,-120.6556,6.6,19.8
"BOWMAN DAM, CA US",1641.3,39.4539,-120.6556,27.18,17.1
"BOWMAN DAM, CA US",1641.3,39.4539,-120.6556,100.33,12.1
"BOWMAN DAM, CA US",1641.3,39.4539,-120.6556,210.82,6.3
"BOWMAN DAM, CA US",1641.3,39.4539,-120.6556,319.79,2.8
"BRUSH CREEK RANGER STATION, CA US",1085.1,39.6949,-121.3452,309.88,NA
"BRUSH CREEK RANGER STATION, CA US",1085.1,39.6949,-121.3452,296.16,NA
"BRUSH CREEK RANGER STATION, CA US",1085.1,39.6949,-121.3452,279.15,NA
"BRUSH CREEK RANGER STATION, CA US",1085.1,39.6949,-121.3452,144.53,NA
"BRUSH CREEK RANGER STATION, CA US",1085.1,39.6949,-121.3452,68.33,NA
"BRUSH CREEK RANGER STATION, CA US",1085.1,39.6949,-121.3452,22.86,NA
"BRUSH CREEK RANGER STATION, CA US",1085.1,39.6949,-121.3452,1.78,NA
"BRUSH CREEK RANGER STATION, CA US",1085.1,39.6949,-121.3452,3.81,NA
"BRUSH CREEK RANGER STATION, CA US",1085.1,39.6949,-121.3452,23.88,NA
"BRUSH CREEK RANGER STATION, CA US",1085.1,39.6949,-121.3452,109.22,NA
"BRUSH CREEK RANGER STATION, CA US",1085.1,39.6949,-121.3452,214.63,NA
"BRUSH CREEK RANGER STATION, CA US",1085.1,39.6949,-121.3452,369.82,NA
"GRANT GROVE, CA US",2011.7,36.7394,-118.9631,198.37,1.9
"GRANT GROVE, CA US",2011.7,36.7394,-118.9631,186.18,1.7
"GRANT GROVE, CA US",2011.7,36.7394,-118.9631,169.42,2.7
"GRANT GROVE, CA US",2011.7,36.7394,-118.9631,92.71,4.8
"GRANT GROVE, CA US",2011.7,36.7394,-118.9631,40.64,9.2
"GRANT GROVE, CA US",2011.7,36.7394,-118.9631,13.46,14.1
"GRANT GROVE, CA US",2011.7,36.7394,-118.9631,5.84,18.2
"GRANT GROVE, CA US",2011.7,36.7394,-118.9631,3.3,17.9
"GRANT GROVE, CA US",2011.7,36.7394,-118.9631,22.86,14.8
"GRANT GROVE, CA US",2011.7,36.7394,-118.9631,62.74,9.9
"GRANT GROVE, CA US",2011.7,36.7394,-118.9631,108.46,4.9
"GRANT GROVE, CA US",2011.7,36.7394,-118.9631,169.42,1.9
"LEE VINING, CA US",2071.7,37.9567,-119.1194,58.42,-1.2
"LEE VINING, CA US",2071.7,37.9567,-119.1194,71.88,0.4
"LEE VINING, CA US",2071.7,37.9567,-119.1194,47.75,3.8
"LEE VINING, CA US",2071.7,37.9567,-119.1194,16.26,7.3
"LEE VINING, CA US",2071.7,37.9567,-119.1194,15.75,11.7
"LEE VINING, CA US",2071.7,37.9567,-119.1194,8.38,16.4
"LEE VINING, CA US",2071.7,37.9567,-119.1194,11.18,20.3
"LEE VINING, CA US",2071.7,37.9567,-119.1194,12.7,19.6
"LEE VINING, CA US",2071.7,37.9567,-119.1194,8.38,15.6
"LEE VINING, CA US",2071.7,37.9567,-119.1194,26.42,10.2
"LEE VINING, CA US",2071.7,37.9567,-119.1194,53.09,4.5
"LEE VINING, CA US",2071.7,37.9567,-119.1194,67.82,-0.4
"OROVILLE MUNICIPAL AIRPORT, CA US",57.9,39.49,-121.61833,168.15,7.7
"OROVILLE MUNICIPAL AIRPORT, CA US",57.9,39.49,-121.61833,137.67,10.3
"OROVILLE MUNICIPAL AIRPORT, CA US",57.9,39.49,-121.61833,106.93,12.6
"OROVILLE MUNICIPAL AIRPORT, CA US",57.9,39.49,-121.61833,49.02,15.3
"OROVILLE MUNICIPAL AIRPORT, CA US",57.9,39.49,-121.61833,26.92,19.5
"OROVILLE MUNICIPAL AIRPORT, CA US",57.9,39.49,-121.61833,10.92,23.9
"OROVILLE MUNICIPAL AIRPORT, CA US",57.9,39.49,-121.61833,0.51,26.3
"OROVILLE MUNICIPAL AIRPORT, CA US",57.9,39.49,-121.61833,3.56,25.4
"OROVILLE MUNICIPAL AIRPORT, CA US",57.9,39.49,-121.61833,16.51,22.7
"OROVILLE MUNICIPAL AIRPORT, CA US",57.9,39.49,-121.61833,51.31,17.9
"OROVILLE MUNICIPAL AIRPORT, CA US",57.9,39.49,-121.61833,108.2,11.8
"OROVILLE MUNICIPAL AIRPORT, CA US",57.9,39.49,-121.61833,120.9,7.7
"LEMON COVE, CA US",156.4,36.3817,-119.0264,71.37,8.6
"LEMON COVE, CA US",156.4,36.3817,-119.0264,62.74,11.3
"LEMON COVE, CA US",156.4,36.3817,-119.0264,65.79,13.9
"LEMON COVE, CA US",156.4,36.3817,-119.0264,34.8,16.4
"LEMON COVE, CA US",156.4,36.3817,-119.0264,13.97,20.6
"LEMON COVE, CA US",156.4,36.3817,-119.0264,4.06,24.3
"LEMON COVE, CA US",156.4,36.3817,-119.0264,0.51,27.2
"LEMON COVE, CA US",156.4,36.3817,-119.0264,0.76,26.4
"LEMON COVE, CA US",156.4,36.3817,-119.0264,5.33,23.7
"LEMON COVE, CA US",156.4,36.3817,-119.0264,17.78,18.7
"LEMON COVE, CA US",156.4,36.3817,-119.0264,39.88,12.5
"LEMON COVE, CA US",156.4,36.3817,-119.0264,55.88,8.3
"CALAVERAS BIG TREES, CA US",1431,38.2769,-120.3113,260.1,2.4
"CALAVERAS BIG TREES, CA US",1431,38.2769,-120.3113,254,2.7
"CALAVERAS BIG TREES, CA US",1431,38.2769,-120.3113,209.55,4.3
"CALAVERAS BIG TREES, CA US",1431,38.2769,-120.3113,117.86,6.7
"CALAVERAS BIG TREES, CA US",1431,38.2769,-120.3113,66.55,11.2
"CALAVERAS BIG TREES, CA US",1431,38.2769,-120.3113,20.32,15.7
"CALAVERAS BIG TREES, CA US",1431,38.2769,-120.3113,3.3,19.5
"CALAVERAS BIG TREES, CA US",1431,38.2769,-120.3113,2.29,19.1
"CALAVERAS BIG TREES, CA US",1431,38.2769,-120.3113,21.34,15.9
"CALAVERAS BIG TREES, CA US",1431,38.2769,-120.3113,85.85,11
"CALAVERAS BIG TREES, CA US",1431,38.2769,-120.3113,163.32,5.4
"CALAVERAS BIG TREES, CA US",1431,38.2769,-120.3113,243.33,2.2
"BUCKS CREEK, CA US",576.4,39.9372,-121.3147,288.54,NA
"BUCKS CREEK, CA US",576.4,39.9372,-121.3147,282.7,NA
"BUCKS CREEK, CA US",576.4,39.9372,-121.3147,268.99,NA
"BUCKS CREEK, CA US",576.4,39.9372,-121.3147,140.97,NA
"BUCKS CREEK, CA US",576.4,39.9372,-121.3147,83.82,NA
"BUCKS CREEK, CA US",576.4,39.9372,-121.3147,30.23,NA
"BUCKS CREEK, CA US",576.4,39.9372,-121.3147,1.78,NA
"BUCKS CREEK, CA US",576.4,39.9372,-121.3147,3.56,NA
"BUCKS CREEK, CA US",576.4,39.9372,-121.3147,29.72,NA
"BUCKS CREEK, CA US",576.4,39.9372,-121.3147,97.28,NA
"BUCKS CREEK, CA US",576.4,39.9372,-121.3147,216.92,NA
"BUCKS CREEK, CA US",576.4,39.9372,-121.3147,325.37,NA
"GRASS VALLEY NUMBER 2, CA US",731.5,39.2041,-121.068,225.55,6.1
"GRASS VALLEY NUMBER 2, CA US",731.5,39.2041,-121.068,229.11,6.9
"GRASS VALLEY NUMBER 2, CA US",731.5,39.2041,-121.068,204.72,8.6
"GRASS VALLEY NUMBER 2, CA US",731.5,39.2041,-121.068,102.11,10.8
"GRASS VALLEY NUMBER 2, CA US",731.5,39.2041,-121.068,60.45,14.8
"GRASS VALLEY NUMBER 2, CA US",731.5,39.2041,-121.068,15.75,18.8
"GRASS VALLEY NUMBER 2, CA US",731.5,39.2041,-121.068,0.25,22.3
"GRASS VALLEY NUMBER 2, CA US",731.5,39.2041,-121.068,4.06,21.7
"GRASS VALLEY NUMBER 2, CA US",731.5,39.2041,-121.068,21.84,18.9
"GRASS VALLEY NUMBER 2, CA US",731.5,39.2041,-121.068,72.14,14.1
"GRASS VALLEY NUMBER 2, CA US",731.5,39.2041,-121.068,166.88,8.8
"GRASS VALLEY NUMBER 2, CA US",731.5,39.2041,-121.068,262.13,5.8
"PLACERVILLE, CA US",563.9,38.6955,-120.8244,176.02,7.7
"PLACERVILLE, CA US",563.9,38.6955,-120.8244,170.69,9.2
"PLACERVILLE, CA US",563.9,38.6955,-120.8244,153.92,10.9
"PLACERVILLE, CA US",563.9,38.6955,-120.8244,80.26,13.2
"PLACERVILLE, CA US",563.9,38.6955,-120.8244,44.2,17.1
"PLACERVILLE, CA US",563.9,38.6955,-120.8244,11.43,21.3
"PLACERVILLE, CA US",563.9,38.6955,-120.8244,0.51,25.2
"PLACERVILLE, CA US",563.9,38.6955,-120.8244,2.29,24.6
"PLACERVILLE, CA US",563.9,38.6955,-120.8244,18.29,22.1
"PLACERVILLE, CA US",563.9,38.6955,-120.8244,53.85,17.1
"PLACERVILLE, CA US",563.9,38.6955,-120.8244,127.51,10.9
"PLACERVILLE, CA US",563.9,38.6955,-120.8244,177.29,7.6
"THREE RIVERS EDISON PH 1, CA US",347.5,36.465,-118.8619,119.38,7.9
"THREE RIVERS EDISON PH 1, CA US",347.5,36.465,-118.8619,114.05,9.7
"THREE RIVERS EDISON PH 1, CA US",347.5,36.465,-118.8619,106.68,12
"THREE RIVERS EDISON PH 1, CA US",347.5,36.465,-118.8619,56.64,14.6
"THREE RIVERS EDISON PH 1, CA US",347.5,36.465,-118.8619,23.11,19.1
"THREE RIVERS EDISON PH 1, CA US",347.5,36.465,-118.8619,7.87,23.4
"THREE RIVERS EDISON PH 1, CA US",347.5,36.465,-118.8619,2.29,27
"THREE RIVERS EDISON PH 1, CA US",347.5,36.465,-118.8619,0.51,26.4
"THREE RIVERS EDISON PH 1, CA US",347.5,36.465,-118.8619,12.19,23.3
"THREE RIVERS EDISON PH 1, CA US",347.5,36.465,-118.8619,32,17.5
"THREE RIVERS EDISON PH 1, CA US",347.5,36.465,-118.8619,67.56,11.3
"THREE RIVERS EDISON PH 1, CA US",347.5,36.465,-118.8619,94.49,7.6
"GLENNVILLE, CA US",957.1,35.7269,-118.7006,91.44,5.9
"GLENNVILLE, CA US",957.1,35.7269,-118.7006,95.25,6.5
"GLENNVILLE, CA US",957.1,35.7269,-118.7006,87.12,8
"GLENNVILLE, CA US",957.1,35.7269,-118.7006,44.2,9.9
"GLENNVILLE, CA US",957.1,35.7269,-118.7006,19.81,13.7
"GLENNVILLE, CA US",957.1,35.7269,-118.7006,3.81,17.6
"GLENNVILLE, CA US",957.1,35.7269,-118.7006,2.03,21.2
"GLENNVILLE, CA US",957.1,35.7269,-118.7006,3.05,20.9
"GLENNVILLE, CA US",957.1,35.7269,-118.7006,6.6,17.9
"GLENNVILLE, CA US",957.1,35.7269,-118.7006,23.11,13.1
"GLENNVILLE, CA US",957.1,35.7269,-118.7006,59.18,8.2
"GLENNVILLE, CA US",957.1,35.7269,-118.7006,77.47,5.3
"MATHER, CA US",1374.6,37.885,-119.8561,166.12,NA
"MATHER, CA US",1374.6,37.885,-119.8561,152.4,NA
"MATHER, CA US",1374.6,37.885,-119.8561,143.76,NA
"MATHER, CA US",1374.6,37.885,-119.8561,82.55,NA
"MATHER, CA US",1374.6,37.885,-119.8561,46.74,NA
"MATHER, CA US",1374.6,37.885,-119.8561,14.48,NA
"MATHER, CA US",1374.6,37.885,-119.8561,4.57,NA
"MATHER, CA US",1374.6,37.885,-119.8561,2.29,NA
"MATHER, CA US",1374.6,37.885,-119.8561,17.27,NA
"MATHER, CA US",1374.6,37.885,-119.8561,60.45,NA
"MATHER, CA US",1374.6,37.885,-119.8561,102.87,NA
"MATHER, CA US",1374.6,37.885,-119.8561,143.76,NA
"BLUE CANYON AIRPORT, CA US",1608.1,39.2774,-120.7102,250.7,4.4
"BLUE CANYON AIRPORT, CA US",1608.1,39.2774,-120.7102,268.22,4.1
"BLUE CANYON AIRPORT, CA US",1608.1,39.2774,-120.7102,238.76,5.2
"BLUE CANYON AIRPORT, CA US",1608.1,39.2774,-120.7102,120.9,7.4
"BLUE CANYON AIRPORT, CA US",1608.1,39.2774,-120.7102,94.23,12
"BLUE CANYON AIRPORT, CA US",1608.1,39.2774,-120.7102,30.48,16.4
"BLUE CANYON AIRPORT, CA US",1608.1,39.2774,-120.7102,2.29,20.8
"BLUE CANYON AIRPORT, CA US",1608.1,39.2774,-120.7102,7.11,20.5
"BLUE CANYON AIRPORT, CA US",1608.1,39.2774,-120.7102,26.16,17.7
"BLUE CANYON AIRPORT, CA US",1608.1,39.2774,-120.7102,98.3,12.6
"BLUE CANYON AIRPORT, CA US",1608.1,39.2774,-120.7102,213.11,6.6
"BLUE CANYON AIRPORT, CA US",1608.1,39.2774,-120.7102,291.08,3.7
"GEM LAKE, CA US",2734.1,37.7519,-119.1402,84.07,NA
"GEM LAKE, CA US",2734.1,37.7519,-119.1402,81.53,NA
"GEM LAKE, CA US",2734.1,37.7519,-119.1402,76.45,NA
"GEM LAKE, CA US",2734.1,37.7519,-119.1402,25.65,NA
"GEM LAKE, CA US",2734.1,37.7519,-119.1402,19.3,NA
"GEM LAKE, CA US",2734.1,37.7519,-119.1402,20.32,NA
"GEM LAKE, CA US",2734.1,37.7519,-119.1402,12.95,NA
"GEM LAKE, CA US",2734.1,37.7519,-119.1402,15.24,NA
"GEM LAKE, CA US",2734.1,37.7519,-119.1402,16.26,NA
"GEM LAKE, CA US",2734.1,37.7519,-119.1402,29.21,NA
"GEM LAKE, CA US",2734.1,37.7519,-119.1402,51.05,NA
"GEM LAKE, CA US",2734.1,37.7519,-119.1402,78.74,NA
"MINERAL, CA US",1485.9,40.3458,-121.6091,227.84,0.2
"MINERAL, CA US",1485.9,40.3458,-121.6091,217.93,0.9
"MINERAL, CA US",1485.9,40.3458,-121.6091,206.76,2.8
"MINERAL, CA US",1485.9,40.3458,-121.6091,110.49,5.1
"MINERAL, CA US",1485.9,40.3458,-121.6091,82.04,9.1
"MINERAL, CA US",1485.9,40.3458,-121.6091,34.8,13.3
"MINERAL, CA US",1485.9,40.3458,-121.6091,3.56,16.9
"MINERAL, CA US",1485.9,40.3458,-121.6091,5.84,16.3
"MINERAL, CA US",1485.9,40.3458,-121.6091,29.72,13.5
"MINERAL, CA US",1485.9,40.3458,-121.6091,93.98,8.6
"MINERAL, CA US",1485.9,40.3458,-121.6091,178.82,3.1
"MINERAL, CA US",1485.9,40.3458,-121.6091,270.26,0.2
"SUSANVILLE 2 SW, CA US",1283.8,40.4167,-120.6631,50.04,0
"SUSANVILLE 2 SW, CA US",1283.8,40.4167,-120.6631,45.21,2.4
"SUSANVILLE 2 SW, CA US",1283.8,40.4167,-120.6631,38.86,5.9
"SUSANVILLE 2 SW, CA US",1283.8,40.4167,-120.6631,16,8.8
"SUSANVILLE 2 SW, CA US",1283.8,40.4167,-120.6631,18.03,13.2
"SUSANVILLE 2 SW, CA US",1283.8,40.4167,-120.6631,11.18,17.4
"SUSANVILLE 2 SW, CA US",1283.8,40.4167,-120.6631,5.59,21.7
"SUSANVILLE 2 SW, CA US",1283.8,40.4167,-120.6631,3.05,20.9
"SUSANVILLE 2 SW, CA US",1283.8,40.4167,-120.6631,9.4,16.6
"SUSANVILLE 2 SW, CA US",1283.8,40.4167,-120.6631,25.4,10.7
"SUSANVILLE 2 SW, CA US",1283.8,40.4167,-120.6631,44.45,4.3
"SUSANVILLE 2 SW, CA US",1283.8,40.4167,-120.6631,37.34,0
"BRIDGEPORT, CA US",1972.1,38.2575,-119.2286,31.75,-4.2
"BRIDGEPORT, CA US",1972.1,38.2575,-119.2286,41.4,-2.2
"BRIDGEPORT, CA US",1972.1,38.2575,-119.2286,24.64,1.7
"BRIDGEPORT, CA US",1972.1,38.2575,-119.2286,11.68,5.3
"BRIDGEPORT, CA US",1972.1,38.2575,-119.2286,12.19,9.2
"BRIDGEPORT, CA US",1972.1,38.2575,-119.2286,7.11,13.5
"BRIDGEPORT, CA US",1972.1,38.2575,-119.2286,8.38,16.9
"BRIDGEPORT, CA US",1972.1,38.2575,-119.2286,11.68,16
"BRIDGEPORT, CA US",1972.1,38.2575,-119.2286,11.43,12.1
"BRIDGEPORT, CA US",1972.1,38.2575,-119.2286,8.38,6.7
"BRIDGEPORT, CA US",1972.1,38.2575,-119.2286,26.92,1.3
"BRIDGEPORT, CA US",1972.1,38.2575,-119.2286,43.18,-3.2
"GOLD RUN 2 SW, CA US",1011.9,39.165,-120.8566,219.2,NA
"GOLD RUN 2 SW, CA US",1011.9,39.165,-120.8566,224.28,NA
"GOLD RUN 2 SW, CA US",1011.9,39.165,-120.8566,207.26,NA
"GOLD RUN 2 SW, CA US",1011.9,39.165,-120.8566,111,NA
"GOLD RUN 2 SW, CA US",1011.9,39.165,-120.8566,71.88,NA
"GOLD RUN 2 SW, CA US",1011.9,39.165,-120.8566,19.3,NA
"GOLD RUN 2 SW, CA US",1011.9,39.165,-120.8566,0.25,NA
"GOLD RUN 2 SW, CA US",1011.9,39.165,-120.8566,4.06,NA
"GOLD RUN 2 SW, CA US",1011.9,39.165,-120.8566,24.89,NA
"GOLD RUN 2 SW, CA US",1011.9,39.165,-120.8566,78.99,NA
"GOLD RUN 2 SW, CA US",1011.9,39.165,-120.8566,180.34,NA
"GOLD RUN 2 SW, CA US",1011.9,39.165,-120.8566,263.91,NA
"FORESTHILL RANGER STATION, CA US",919,39.01,-120.8455,238.76,NA
"FORESTHILL RANGER STATION, CA US",919,39.01,-120.8455,214.88,NA
"FORESTHILL RANGER STATION, CA US",919,39.01,-120.8455,193.8,NA
"FORESTHILL RANGER STATION, CA US",919,39.01,-120.8455,103.63,NA
"FORESTHILL RANGER STATION, CA US",919,39.01,-120.8455,70.36,NA
"FORESTHILL RANGER STATION, CA US",919,39.01,-120.8455,18.8,NA
"FORESTHILL RANGER STATION, CA US",919,39.01,-120.8455,-7777,NA
"FORESTHILL RANGER STATION, CA US",919,39.01,-120.8455,3.81,NA
"FORESTHILL RANGER STATION, CA US",919,39.01,-120.8455,24.89,NA
"FORESTHILL RANGER STATION, CA US",919,39.01,-120.8455,77.47,NA
"FORESTHILL RANGER STATION, CA US",919,39.01,-120.8455,171.96,NA
"FORESTHILL RANGER STATION, CA US",919,39.01,-120.8455,252.73,NA
"MANZANITA LAKE, CA US",1752.6,40.54111,-121.57667,150.11,-0.1
"MANZANITA LAKE, CA US",1752.6,40.54111,-121.57667,132.84,0.2
"MANZANITA LAKE, CA US",1752.6,40.54111,-121.57667,129.54,2.1
"MANZANITA LAKE, CA US",1752.6,40.54111,-121.57667,94.49,4.4
"MANZANITA LAKE, CA US",1752.6,40.54111,-121.57667,81.03,8.9
"MANZANITA LAKE, CA US",1752.6,40.54111,-121.57667,33.02,13.1
"MANZANITA LAKE, CA US",1752.6,40.54111,-121.57667,11.43,16.7
"MANZANITA LAKE, CA US",1752.6,40.54111,-121.57667,9.91,16.2
"MANZANITA LAKE, CA US",1752.6,40.54111,-121.57667,29.72,13.3
"MANZANITA LAKE, CA US",1752.6,40.54111,-121.57667,77.22,8.3
"MANZANITA LAKE, CA US",1752.6,40.54111,-121.57667,137.92,2.5
"MANZANITA LAKE, CA US",1752.6,40.54111,-121.57667,157.99,-0.3
"OROVILLE, CA US",52.1,39.5177,-121.553,144.53,8.3
"OROVILLE, CA US",52.1,39.5177,-121.553,123.7,10.7
"OROVILLE, CA US",52.1,39.5177,-121.553,113.54,13.1
"OROVILLE, CA US",52.1,39.5177,-121.553,58.67,15.4
"OROVILLE, CA US",52.1,39.5177,-121.553,28.45,19.4
"OROVILLE, CA US",52.1,39.5177,-121.553,8.38,23.3
"OROVILLE, CA US",52.1,39.5177,-121.553,-7777,25.9
"OROVILLE, CA US",52.1,39.5177,-121.553,4.06,24.9
"OROVILLE, CA US",52.1,39.5177,-121.553,14.22,22
"OROVILLE, CA US",52.1,39.5177,-121.553,45.97,17.6
"OROVILLE, CA US",52.1,39.5177,-121.553,96.52,12.1
"OROVILLE, CA US",52.1,39.5177,-121.553,137.92,8.4
"QUINCY, CA US",1042.4,39.9366,-120.9475,168.4,2
"QUINCY, CA US",1042.4,39.9366,-120.9475,181.86,4
"QUINCY, CA US",1042.4,39.9366,-120.9475,170.94,6.7
"QUINCY, CA US",1042.4,39.9366,-120.9475,70.36,9
"QUINCY, CA US",1042.4,39.9366,-120.9475,50.29,13.4
"QUINCY, CA US",1042.4,39.9366,-120.9475,20.57,17.1
"QUINCY, CA US",1042.4,39.9366,-120.9475,5.33,20.3
"QUINCY, CA US",1042.4,39.9366,-120.9475,5.84,19.5
"QUINCY, CA US",1042.4,39.9366,-120.9475,20.57,16.4
"QUINCY, CA US",1042.4,39.9366,-120.9475,64.01,11.2
"QUINCY, CA US",1042.4,39.9366,-120.9475,140.97,5.6
"QUINCY, CA US",1042.4,39.9366,-120.9475,180.59,1.7
"VISALIA, CA US",106.7,36.3278,-119.2994,48.51,8.1
"VISALIA, CA US",106.7,36.3278,-119.2994,46.99,10.9
"VISALIA, CA US",106.7,36.3278,-119.2994,50.55,13.7
"VISALIA, CA US",106.7,36.3278,-119.2994,23.88,16.3
"VISALIA, CA US",106.7,36.3278,-119.2994,8.89,20.4
"VISALIA, CA US",106.7,36.3278,-119.2994,3.56,24.1
"VISALIA, CA US",106.7,36.3278,-119.2994,0.25,26.9
"VISALIA, CA US",106.7,36.3278,-119.2994,0.25,26.1
"VISALIA, CA US",106.7,36.3278,-119.2994,3.81,23.3
"VISALIA, CA US",106.7,36.3278,-119.2994,15.49,18.5
"VISALIA, CA US",106.7,36.3278,-119.2994,31.24,12.1
"VISALIA, CA US",106.7,36.3278,-119.2994,44.2,7.8
"PORTOLA, CA US",1478.3,39.8053,-120.4719,103.12,-0.9
"PORTOLA, CA US",1478.3,39.8053,-120.4719,98.3,0.5
"PORTOLA, CA US",1478.3,39.8053,-120.4719,85.34,3.4
"PORTOLA, CA US",1478.3,39.8053,-120.4719,34.8,6.2
"PORTOLA, CA US",1478.3,39.8053,-120.4719,24.38,10.4
"PORTOLA, CA US",1478.3,39.8053,-120.4719,13.21,14.3
"PORTOLA, CA US",1478.3,39.8053,-120.4719,7.11,17.9
"PORTOLA, CA US",1478.3,39.8053,-120.4719,7.11,17.3
"PORTOLA, CA US",1478.3,39.8053,-120.4719,15.24,13.8
"PORTOLA, CA US",1478.3,39.8053,-120.4719,32.26,8.7
"PORTOLA, CA US",1478.3,39.8053,-120.4719,65.79,2.9
"PORTOLA, CA US",1478.3,39.8053,-120.4719,103.89,-0.9
"BALCH POWER HOUSE, CA US",528.8,36.9092,-119.0883,160.53,7.3
"BALCH POWER HOUSE, CA US",528.8,36.9092,-119.0883,144.27,9.2
"BALCH POWER HOUSE, CA US",528.8,36.9092,-119.0883,122.43,11.8
"BALCH POWER HOUSE, CA US",528.8,36.9092,-119.0883,66.55,14.4
"BALCH POWER HOUSE, CA US",528.8,36.9092,-119.0883,31.5,18.7
"BALCH POWER HOUSE, CA US",528.8,36.9092,-119.0883,11.43,22.9
"BALCH POWER HOUSE, CA US",528.8,36.9092,-119.0883,4.32,27.3
"BALCH POWER HOUSE, CA US",528.8,36.9092,-119.0883,0.51,27.4
"BALCH POWER HOUSE, CA US",528.8,36.9092,-119.0883,16.26,24.4
"BALCH POWER HOUSE, CA US",528.8,36.9092,-119.0883,39.37,18.6
"BALCH POWER HOUSE, CA US",528.8,36.9092,-119.0883,78.74,11.3
"BALCH POWER HOUSE, CA US",528.8,36.9092,-119.0883,118.11,7.1
"DOWNIEVILLE, CA US",888.5,39.5633,-120.8238,270,3.9
"DOWNIEVILLE, CA US",888.5,39.5633,-120.8238,267.21,5.3
"DOWNIEVILLE, CA US",888.5,39.5633,-120.8238,245.87,7.5
"DOWNIEVILLE, CA US",888.5,39.5633,-120.8238,123.95,9.9
"DOWNIEVILLE, CA US",888.5,39.5633,-120.8238,86.61,14
"DOWNIEVILLE, CA US",888.5,39.5633,-120.8238,23.62,17.8
"DOWNIEVILLE, CA US",888.5,39.5633,-120.8238,4.57,20.9
"DOWNIEVILLE, CA US",888.5,39.5633,-120.8238,5.33,20.7
"DOWNIEVILLE, CA US",888.5,39.5633,-120.8238,28.7,17.9
"DOWNIEVILLE, CA US",888.5,39.5633,-120.8238,95,13
"DOWNIEVILLE, CA US",888.5,39.5633,-120.8238,205.99,6.9
"DOWNIEVILLE, CA US",888.5,39.5633,-120.8238,300.23,3.6
"HAIWEE, CA US",1165.9,36.1388,-117.9527,33.53,7.6
"HAIWEE, CA US",1165.9,36.1388,-117.9527,37.59,9.3
"HAIWEE, CA US",1165.9,36.1388,-117.9527,25.4,12.7
"HAIWEE, CA US",1165.9,36.1388,-117.9527,7.37,16.1
"HAIWEE, CA US",1165.9,36.1388,-117.9527,4.83,21.1
"HAIWEE, CA US",1165.9,36.1388,-117.9527,2.03,25.8
"HAIWEE, CA US",1165.9,36.1388,-117.9527,10.16,29.3
"HAIWEE, CA US",1165.9,36.1388,-117.9527,7.87,28.3
"HAIWEE, CA US",1165.9,36.1388,-117.9527,8.64,24.5
"HAIWEE, CA US",1165.9,36.1388,-117.9527,6.35,18.5
"HAIWEE, CA US",1165.9,36.1388,-117.9527,15.75,11.9
"HAIWEE, CA US",1165.9,36.1388,-117.9527,26.67,7.2
"VOLTA POWER HOUSE, CA US",676.7,40.4583,-121.8663,144.27,NA
"VOLTA POWER HOUSE, CA US",676.7,40.4583,-121.8663,127,NA
"VOLTA POWER HOUSE, CA US",676.7,40.4583,-121.8663,118.62,NA
"VOLTA POWER HOUSE, CA US",676.7,40.4583,-121.8663,73.15,NA
"VOLTA POWER HOUSE, CA US",676.7,40.4583,-121.8663,59.69,NA
"VOLTA POWER HOUSE, CA US",676.7,40.4583,-121.8663,27.69,NA
"VOLTA POWER HOUSE, CA US",676.7,40.4583,-121.8663,3.81,NA
"VOLTA POWER HOUSE, CA US",676.7,40.4583,-121.8663,5.08,NA
"VOLTA POWER HOUSE, CA US",676.7,40.4583,-121.8663,26.16,NA
"VOLTA POWER HOUSE, CA US",676.7,40.4583,-121.8663,58.42,NA
"VOLTA POWER HOUSE, CA US",676.7,40.4583,-121.8663,107.19,NA
"VOLTA POWER HOUSE, CA US",676.7,40.4583,-121.8663,147.83,NA
"CAMP PARDEE, CA US",200.6,38.2486,-120.8433,105.16,7.7
"CAMP PARDEE, CA US",200.6,38.2486,-120.8433,98.04,10.1
"CAMP PARDEE, CA US",200.6,38.2486,-120.8433,96.52,12.2
"CAMP PARDEE, CA US",200.6,38.2486,-120.8433,50.55,14.4
"CAMP PARDEE, CA US",200.6,38.2486,-120.8433,29.72,18.5
"CAMP PARDEE, CA US",200.6,38.2486,-120.8433,7.37,22.5
"CAMP PARDEE, CA US",200.6,38.2486,-120.8433,0.25,25.6
"CAMP PARDEE, CA US",200.6,38.2486,-120.8433,1.02,25.1
"CAMP PARDEE, CA US",200.6,38.2486,-120.8433,11.18,22.9
"CAMP PARDEE, CA US",200.6,38.2486,-120.8433,33.27,18.3
"CAMP PARDEE, CA US",200.6,38.2486,-120.8433,68.33,12.2
"CAMP PARDEE, CA US",200.6,38.2486,-120.8433,95.25,8
"ELLERY LAKE, CA US",2939.8,37.9355,-119.2305,102.62,NA
"ELLERY LAKE, CA US",2939.8,37.9355,-119.2305,93.98,NA
"ELLERY LAKE, CA US",2939.8,37.9355,-119.2305,80.77,NA
"ELLERY LAKE, CA US",2939.8,37.9355,-119.2305,33.53,NA
"ELLERY LAKE, CA US",2939.8,37.9355,-119.2305,25.91,NA
"ELLERY LAKE, CA US",2939.8,37.9355,-119.2305,15.24,NA
"ELLERY LAKE, CA US",2939.8,37.9355,-119.2305,17.78,NA
"ELLERY LAKE, CA US",2939.8,37.9355,-119.2305,17.78,NA
"ELLERY LAKE, CA US",2939.8,37.9355,-119.2305,17.53,NA
"ELLERY LAKE, CA US",2939.8,37.9355,-119.2305,36.58,NA
"ELLERY LAKE, CA US",2939.8,37.9355,-119.2305,78.99,NA
"ELLERY LAKE, CA US",2939.8,37.9355,-119.2305,90.42,NA
"TRUCKEE RANGER STATION, CA US",1774.9,39.333,-120.173,130.56,-2.3
"TRUCKEE RANGER STATION, CA US",1774.9,39.333,-120.173,126.49,-1.1
"TRUCKEE RANGER STATION, CA US",1774.9,39.333,-120.173,110.49,1.6
"TRUCKEE RANGER STATION, CA US",1774.9,39.333,-120.173,54.86,4.3
"TRUCKEE RANGER STATION, CA US",1774.9,39.333,-120.173,33.02,8.6
"TRUCKEE RANGER STATION, CA US",1774.9,39.333,-120.173,18.54,12.7
"TRUCKEE RANGER STATION, CA US",1774.9,39.333,-120.173,7.11,16.5
"TRUCKEE RANGER STATION, CA US",1774.9,39.333,-120.173,10.92,16.1
"TRUCKEE RANGER STATION, CA US",1774.9,39.333,-120.173,22.1,12.5
"TRUCKEE RANGER STATION, CA US",1774.9,39.333,-120.173,46.23,7.4
"TRUCKEE RANGER STATION, CA US",1774.9,39.333,-120.173,97.28,1.6
"TRUCKEE RANGER STATION, CA US",1774.9,39.333,-120.173,135.89,-2.4
"BISHOP AIRPORT, CA US",1250.3,37.3711,-118.358,26.67,3.6
"BISHOP AIRPORT, CA US",1250.3,37.3711,-118.358,21.59,5.7
"BISHOP AIRPORT, CA US",1250.3,37.3711,-118.358,13.46,9.1
"BISHOP AIRPORT, CA US",1250.3,37.3711,-118.358,6.6,12.5
"BISHOP AIRPORT, CA US",1250.3,37.3711,-118.358,4.83,17.4
"BISHOP AIRPORT, CA US",1250.3,37.3711,-118.358,4.83,21.9
"BISHOP AIRPORT, CA US",1250.3,37.3711,-118.358,4.06,25.2
"BISHOP AIRPORT, CA US",1250.3,37.3711,-118.358,3.3,23.9
"BISHOP AIRPORT, CA US",1250.3,37.3711,-118.358,4.83,19.8
"BISHOP AIRPORT, CA US",1250.3,37.3711,-118.358,7.62,13.8
"BISHOP AIRPORT, CA US",1250.3,37.3711,-118.358,13.21,7.3
"BISHOP AIRPORT, CA US",1250.3,37.3711,-118.358,20.32,3.2
"DE SABLA, CA US",826,39.8716,-121.6108,302.01,6.1
"DE SABLA, CA US",826,39.8716,-121.6108,295.15,7.1
"DE SABLA, CA US",826,39.8716,-121.6108,243.59,9.1
"DE SABLA, CA US",826,39.8716,-121.6108,130.3,11.4
"DE SABLA, CA US",826,39.8716,-121.6108,73.91,15.5
"DE SABLA, CA US",826,39.8716,-121.6108,23.11,19.7
"DE SABLA, CA US",826,39.8716,-121.6108,1.02,23.1
"DE SABLA, CA US",826,39.8716,-121.6108,3.81,22.7
"DE SABLA, CA US",826,39.8716,-121.6108,28.96,19.9
"DE SABLA, CA US",826,39.8716,-121.6108,95.25,14.9
"DE SABLA, CA US",826,39.8716,-121.6108,199.9,8.6
"DE SABLA, CA US",826,39.8716,-121.6108,321.82,5.6
"LAKE SABRINA, CA US",2763,37.213,-118.6136,61.98,NA
"LAKE SABRINA, CA US",2763,37.213,-118.6136,68.83,NA
"LAKE SABRINA, CA US",2763,37.213,-118.6136,59.94,NA
"LAKE SABRINA, CA US",2763,37.213,-118.6136,31.75,NA
"LAKE SABRINA, CA US",2763,37.213,-118.6136,15.24,NA
"LAKE SABRINA, CA US",2763,37.213,-118.6136,8.89,NA
"LAKE SABRINA, CA US",2763,37.213,-118.6136,14.73,NA
"LAKE SABRINA, CA US",2763,37.213,-118.6136,14.22,NA
"LAKE SABRINA, CA US",2763,37.213,-118.6136,18.8,NA
"LAKE SABRINA, CA US",2763,37.213,-118.6136,20.32,NA
"LAKE SABRINA, CA US",2763,37.213,-118.6136,39.37,NA
"LAKE SABRINA, CA US",2763,37.213,-118.6136,50.04,NA
"ASH MOUNTAIN, CA US",520.6,36.4914,-118.8253,124.46,8.3
"ASH MOUNTAIN, CA US",520.6,36.4914,-118.8253,122.68,9.8
"ASH MOUNTAIN, CA US",520.6,36.4914,-118.8253,109.98,11.7
"ASH MOUNTAIN, CA US",520.6,36.4914,-118.8253,66.29,14
"ASH MOUNTAIN, CA US",520.6,36.4914,-118.8253,28.45,18.9
"ASH MOUNTAIN, CA US",520.6,36.4914,-118.8253,10.16,23.8
"ASH MOUNTAIN, CA US",520.6,36.4914,-118.8253,2.79,27.8
"ASH MOUNTAIN, CA US",520.6,36.4914,-118.8253,0.76,27.3
"ASH MOUNTAIN, CA US",520.6,36.4914,-118.8253,11.18,24.1
"ASH MOUNTAIN, CA US",520.6,36.4914,-118.8253,36.58,18.4
"ASH MOUNTAIN, CA US",520.6,36.4914,-118.8253,73.91,12
"ASH MOUNTAIN, CA US",520.6,36.4914,-118.8253,101.35,8.2
"SOUTH LAKE TAHOE AIRPORT, CA US",1924.5,38.8983,-119.9947,67.82,-1.4
"SOUTH LAKE TAHOE AIRPORT, CA US",1924.5,38.8983,-119.9947,66.55,-0.6
"SOUTH LAKE TAHOE AIRPORT, CA US",1924.5,38.8983,-119.9947,72.9,1.9
"SOUTH LAKE TAHOE AIRPORT, CA US",1924.5,38.8983,-119.9947,26.42,4.7
"SOUTH LAKE TAHOE AIRPORT, CA US",1924.5,38.8983,-119.9947,27.18,8.8
"SOUTH LAKE TAHOE AIRPORT, CA US",1924.5,38.8983,-119.9947,14.99,12.6
"SOUTH LAKE TAHOE AIRPORT, CA US",1924.5,38.8983,-119.9947,10.92,16.2
"SOUTH LAKE TAHOE AIRPORT, CA US",1924.5,38.8983,-119.9947,11.43,15.7
"SOUTH LAKE TAHOE AIRPORT, CA US",1924.5,38.8983,-119.9947,17.02,12.2
"SOUTH LAKE TAHOE AIRPORT, CA US",1924.5,38.8983,-119.9947,45.72,7.5
"SOUTH LAKE TAHOE AIRPORT, CA US",1924.5,38.8983,-119.9947,82.3,2.4
"SOUTH LAKE TAHOE AIRPORT, CA US",1924.5,38.8983,-119.9947,74.42,-1.2
"LINDSAY, CA US",132.6,36.2032,-119.0545,60.96,8.7
"LINDSAY, CA US",132.6,36.2032,-119.0545,54.61,11.1
"LINDSAY, CA US",132.6,36.2032,-119.0545,56.39,13.8
"LINDSAY, CA US",132.6,36.2032,-119.0545,28.96,16.4
"LINDSAY, CA US",132.6,36.2032,-119.0545,10.16,20.3
"LINDSAY, CA US",132.6,36.2032,-119.0545,3.3,23.9
"LINDSAY, CA US",132.6,36.2032,-119.0545,0.25,26.8
"LINDSAY, CA US",132.6,36.2032,-119.0545,0.25,26
"LINDSAY, CA US",132.6,36.2032,-119.0545,4.83,23.2
"LINDSAY, CA US",132.6,36.2032,-119.0545,16.26,18
"LINDSAY, CA US",132.6,36.2032,-119.0545,34.04,12.2
"LINDSAY, CA US",132.6,36.2032,-119.0545,46.48,8.2
"CHERRY VALLEY DAM, CA US",1452.4,37.9747,-119.9161,231.9,3.9
"CHERRY VALLEY DAM, CA US",1452.4,37.9747,-119.9161,220.47,4.4
"CHERRY VALLEY DAM, CA US",1452.4,37.9747,-119.9161,183.9,6.3
"CHERRY VALLEY DAM, CA US",1452.4,37.9747,-119.9161,95,9.1
"CHERRY VALLEY DAM, CA US",1452.4,37.9747,-119.9161,54.36,13.6
"CHERRY VALLEY DAM, CA US",1452.4,37.9747,-119.9161,18.8,18.2
"CHERRY VALLEY DAM, CA US",1452.4,37.9747,-119.9161,3.56,22.4
"CHERRY VALLEY DAM, CA US",1452.4,37.9747,-119.9161,3.3,22.1
"CHERRY VALLEY DAM, CA US",1452.4,37.9747,-119.9161,23.11,18.6
"CHERRY VALLEY DAM, CA US",1452.4,37.9747,-119.9161,80.26,13.2
"CHERRY VALLEY DAM, CA US",1452.4,37.9747,-119.9161,144.53,7.2
"CHERRY VALLEY DAM, CA US",1452.4,37.9747,-119.9161,223.77,3.8
"AUBERRY 2 NW, CA US",637,37.0919,-119.5128,132.59,7.3
"AUBERRY 2 NW, CA US",637,37.0919,-119.5128,117.86,8.8
"AUBERRY 2 NW, CA US",637,37.0919,-119.5128,108.2,10.6
"AUBERRY 2 NW, CA US",637,37.0919,-119.5128,50.04,13.4
"AUBERRY 2 NW, CA US",637,37.0919,-119.5128,25.15,18.2
"AUBERRY 2 NW, CA US",637,37.0919,-119.5128,7.87,22.9
"AUBERRY 2 NW, CA US",637,37.0919,-119.5128,1.78,26.8
"AUBERRY 2 NW, CA US",637,37.0919,-119.5128,1.27,26.3
"AUBERRY 2 NW, CA US",637,37.0919,-119.5128,9.65,23.1
"AUBERRY 2 NW, CA US",637,37.0919,-119.5128,38.1,17.3
"AUBERRY 2 NW, CA US",637,37.0919,-119.5128,66.55,10.8
"AUBERRY 2 NW, CA US",637,37.0919,-119.5128,107.7,7.2
"AUBURN, CA US",393.8,38.9072,-121.0838,161.54,7.9
"AUBURN, CA US",393.8,38.9072,-121.0838,159.51,9.7
"AUBURN, CA US",393.8,38.9072,-121.0838,147.57,11.4
"AUBURN, CA US",393.8,38.9072,-121.0838,72.9,13.7
"AUBURN, CA US",393.8,38.9072,-121.0838,40.39,17.8
"AUBURN, CA US",393.8,38.9072,-121.0838,9.4,21.9
"AUBURN, CA US",393.8,38.9072,-121.0838,-7777,25.4
"AUBURN, CA US",393.8,38.9072,-121.0838,1.78,24.9
"AUBURN, CA US",393.8,38.9072,-121.0838,15.24,22.4
"AUBURN, CA US",393.8,38.9072,-121.0838,52.83,17.7
"AUBURN, CA US",393.8,38.9072,-121.0838,111.51,11.6
"AUBURN, CA US",393.8,38.9072,-121.0838,170.94,7.8
"NORTH FORK RANGER STATION, CA US",806.2,37.2329,-119.5097,171.45,6.6
"NORTH FORK RANGER STATION, CA US",806.2,37.2329,-119.5097,155.45,7.2
"NORTH FORK RANGER STATION, CA US",806.2,37.2329,-119.5097,136.65,9.4
"NORTH FORK RANGER STATION, CA US",806.2,37.2329,-119.5097,59.94,12
"NORTH FORK RANGER STATION, CA US",806.2,37.2329,-119.5097,37.08,16.4
"NORTH FORK RANGER STATION, CA US",806.2,37.2329,-119.5097,11.18,20.8
"NORTH FORK RANGER STATION, CA US",806.2,37.2329,-119.5097,3.05,24.7
"NORTH FORK RANGER STATION, CA US",806.2,37.2329,-119.5097,1.52,24.5
"NORTH FORK RANGER STATION, CA US",806.2,37.2329,-119.5097,11.68,21.3
"NORTH FORK RANGER STATION, CA US",806.2,37.2329,-119.5097,46.74,15.9
"NORTH FORK RANGER STATION, CA US",806.2,37.2329,-119.5097,90.17,10
"NORTH FORK RANGER STATION, CA US",806.2,37.2329,-119.5097,124.21,6.7
"NEVADA CITY, CA US",847.6,39.2466,-121.0008,266.19,5.9
"NEVADA CITY, CA US",847.6,39.2466,-121.0008,268.48,6.7
"NEVADA CITY, CA US",847.6,39.2466,-121.0008,238,8.4
"NEVADA CITY, CA US",847.6,39.2466,-121.0008,123.19,10.7
"NEVADA CITY, CA US",847.6,39.2466,-121.0008,69.85,14.8
"NEVADA CITY, CA US",847.6,39.2466,-121.0008,19.81,19
"NEVADA CITY, CA US",847.6,39.2466,-121.0008,0.51,22.7
"NEVADA CITY, CA US",847.6,39.2466,-121.0008,5.33,22.3
"NEVADA CITY, CA US",847.6,39.2466,-121.0008,23.37,19.8
"NEVADA CITY, CA US",847.6,39.2466,-121.0008,78.23,14.8
"NEVADA CITY, CA US",847.6,39.2466,-121.0008,186.18,8.6
"NEVADA CITY, CA US",847.6,39.2466,-121.0008,305.56,5.4
"REPRESA, CA US",89.9,38.6944,-121.1611,105.66,NA
"REPRESA, CA US",89.9,38.6944,-121.1611,104.65,NA
"REPRESA, CA US",89.9,38.6944,-121.1611,89.41,NA
"REPRESA, CA US",89.9,38.6944,-121.1611,43.18,NA
"REPRESA, CA US",89.9,38.6944,-121.1611,22.61,NA
"REPRESA, CA US",89.9,38.6944,-121.1611,6.35,NA
"REPRESA, CA US",89.9,38.6944,-121.1611,0,NA
"REPRESA, CA US",89.9,38.6944,-121.1611,1.52,NA
"REPRESA, CA US",89.9,38.6944,-121.1611,7.87,NA
"REPRESA, CA US",89.9,38.6944,-121.1611,28.96,NA
"REPRESA, CA US",89.9,38.6944,-121.1611,64.77,NA
"REPRESA, CA US",89.9,38.6944,-121.1611,92.2,NA
"SIERRAVILLE R S, CA US",1516.4,39.5833,-120.3705,NA,-0.7
"SIERRAVILLE R S, CA US",1516.4,39.5833,-120.3705,NA,0.8
"SIERRAVILLE R S, CA US",1516.4,39.5833,-120.3705,NA,4.6
"SIERRAVILLE R S, CA US",1516.4,39.5833,-120.3705,NA,7.1
"SIERRAVILLE R S, CA US",1516.4,39.5833,-120.3705,NA,11.1
"SIERRAVILLE R S, CA US",1516.4,39.5833,-120.3705,NA,15
"SIERRAVILLE R S, CA US",1516.4,39.5833,-120.3705,NA,18.3
"SIERRAVILLE R S, CA US",1516.4,39.5833,-120.3705,NA,17.7
"SIERRAVILLE R S, CA US",1516.4,39.5833,-120.3705,NA,14.4
"SIERRAVILLE R S, CA US",1516.4,39.5833,-120.3705,NA,9.3
"SIERRAVILLE R S, CA US",1516.4,39.5833,-120.3705,NA,3.4
"SIERRAVILLE R S, CA US",1516.4,39.5833,-120.3705,NA,-0.7
"CHESTER, CA US",1380.7,40.3033,-121.2422,151.38,-0.7
"CHESTER, CA US",1380.7,40.3033,-121.2422,135.13,0.7
"CHESTER, CA US",1380.7,40.3033,-121.2422,122.68,3.5
"CHESTER, CA US",1380.7,40.3033,-121.2422,63.25,6.3
"CHESTER, CA US",1380.7,40.3033,-121.2422,44.2,10.7
"CHESTER, CA US",1380.7,40.3033,-121.2422,19.05,14.9
"CHESTER, CA US",1380.7,40.3033,-121.2422,7.37,18.8
"CHESTER, CA US",1380.7,40.3033,-121.2422,6.1,18
"CHESTER, CA US",1380.7,40.3033,-121.2422,16,14.7
"CHESTER, CA US",1380.7,40.3033,-121.2422,51.82,9.5
"CHESTER, CA US",1380.7,40.3033,-121.2422,104.9,3.2
"CHESTER, CA US",1380.7,40.3033,-121.2422,150.62,-0.4
"NEW MELONES DAM HQ, CA US",292.6,38.0047,-120.4863,151.64,8.4
"NEW MELONES DAM HQ, CA US",292.6,38.0047,-120.4863,125.73,10.1
"NEW MELONES DAM HQ, CA US",292.6,38.0047,-120.4863,116.59,12.1
"NEW MELONES DAM HQ, CA US",292.6,38.0047,-120.4863,64.26,14.4
"NEW MELONES DAM HQ, CA US",292.6,38.0047,-120.4863,37.08,18.7
"NEW MELONES DAM HQ, CA US",292.6,38.0047,-120.4863,7.11,23.1
"NEW MELONES DAM HQ, CA US",292.6,38.0047,-120.4863,0.76,27.1
"NEW MELONES DAM HQ, CA US",292.6,38.0047,-120.4863,1.02,26.4
"NEW MELONES DAM HQ, CA US",292.6,38.0047,-120.4863,10.67,23.7
"NEW MELONES DAM HQ, CA US",292.6,38.0047,-120.4863,37.59,18.6
"NEW MELONES DAM HQ, CA US",292.6,38.0047,-120.4863,85.09,12.2
"NEW MELONES DAM HQ, CA US",292.6,38.0047,-120.4863,123.95,8.4
"CHICO UNIVERSITY FARM, CA US",56.4,39.6911,-121.8211,123.44,7.3
"CHICO UNIVERSITY FARM, CA US",56.4,39.6911,-121.8211,112.27,9.8
"CHICO UNIVERSITY FARM, CA US",56.4,39.6911,-121.8211,108.97,12.2
"CHICO UNIVERSITY FARM, CA US",56.4,39.6911,-121.8211,44.45,14.9
"CHICO UNIVERSITY FARM, CA US",56.4,39.6911,-121.8211,26.42,19.2
"CHICO UNIVERSITY FARM, CA US",56.4,39.6911,-121.8211,12.19,22.6
"CHICO UNIVERSITY FARM, CA US",56.4,39.6911,-121.8211,0.51,25.2
"CHICO UNIVERSITY FARM, CA US",56.4,39.6911,-121.8211,2.03,24.4
"CHICO UNIVERSITY FARM, CA US",56.4,39.6911,-121.8211,10.67,22.3
"CHICO UNIVERSITY FARM, CA US",56.4,39.6911,-121.8211,36.07,17.3
"CHICO UNIVERSITY FARM, CA US",56.4,39.6911,-121.8211,83.31,11.3
"CHICO UNIVERSITY FARM, CA US",56.4,39.6911,-121.8211,117.09,7.5
"EXCHEQUER DAM, CA US",134.7,37.585,-120.2672,99.57,NA
"EXCHEQUER DAM, CA US",134.7,37.585,-120.2672,90.17,NA
"EXCHEQUER DAM, CA US",134.7,37.585,-120.2672,86.87,NA
"EXCHEQUER DAM, CA US",134.7,37.585,-120.2672,43.69,NA
"EXCHEQUER DAM, CA US",134.7,37.585,-120.2672,18.54,NA
"EXCHEQUER DAM, CA US",134.7,37.585,-120.2672,5.08,NA
"EXCHEQUER DAM, CA US",134.7,37.585,-120.2672,0.51,NA
"EXCHEQUER DAM, CA US",134.7,37.585,-120.2672,0.76,NA
"EXCHEQUER DAM, CA US",134.7,37.585,-120.2672,6.35,NA
"EXCHEQUER DAM, CA US",134.7,37.585,-120.2672,32.26,NA
"EXCHEQUER DAM, CA US",134.7,37.585,-120.2672,56.39,NA
"EXCHEQUER DAM, CA US",134.7,37.585,-120.2672,83.57,NA
"BIG CREEK PH 1, CA US",1486.8,37.2064,-119.2419,155.19,5.2
"BIG CREEK PH 1, CA US",1486.8,37.2064,-119.2419,148.34,4.7
"BIG CREEK PH 1, CA US",1486.8,37.2064,-119.2419,123.19,6.1
"BIG CREEK PH 1, CA US",1486.8,37.2064,-119.2419,76.96,8.3
"BIG CREEK PH 1, CA US",1486.8,37.2064,-119.2419,40.39,12.2
"BIG CREEK PH 1, CA US",1486.8,37.2064,-119.2419,10.41,16.7
"BIG CREEK PH 1, CA US",1486.8,37.2064,-119.2419,6.86,21.1
"BIG CREEK PH 1, CA US",1486.8,37.2064,-119.2419,2.29,21.1
"BIG CREEK PH 1, CA US",1486.8,37.2064,-119.2419,13.72,18.4
"BIG CREEK PH 1, CA US",1486.8,37.2064,-119.2419,52.58,13.3
"BIG CREEK PH 1, CA US",1486.8,37.2064,-119.2419,100.58,8.4
"BIG CREEK PH 1, CA US",1486.8,37.2064,-119.2419,129.54,5.3
"SONORA, CA US",510.5,37.9672,-120.38720000000001,159.51,6.3
"SONORA, CA US",510.5,37.9672,-120.38720000000001,147.83,7.7
"SONORA, CA US",510.5,37.9672,-120.38720000000001,141.22,9.4
"SONORA, CA US",510.5,37.9672,-120.38720000000001,79.25,11.7
"SONORA, CA US",510.5,37.9672,-120.38720000000001,35.31,15.7
"SONORA, CA US",510.5,37.9672,-120.38720000000001,7.62,19.9
"SONORA, CA US",510.5,37.9672,-120.38720000000001,0.76,23.5
"SONORA, CA US",510.5,37.9672,-120.38720000000001,2.79,22.9
"SONORA, CA US",510.5,37.9672,-120.38720000000001,11.94,19.8
"SONORA, CA US",510.5,37.9672,-120.38720000000001,48.26,14.9
"SONORA, CA US",510.5,37.9672,-120.38720000000001,100.08,9.4
"SONORA, CA US",510.5,37.9672,-120.38720000000001,147.07,6.2
"WEST POINT, CA US",845.8,38.3775,-120.5452,191.77,NA
"WEST POINT, CA US",845.8,38.3775,-120.5452,162.56,NA
"WEST POINT, CA US",845.8,38.3775,-120.5452,151.38,NA
"WEST POINT, CA US",845.8,38.3775,-120.5452,83.31,NA
"WEST POINT, CA US",845.8,38.3775,-120.5452,48.51,NA
"WEST POINT, CA US",845.8,38.3775,-120.5452,12.7,NA
"WEST POINT, CA US",845.8,38.3775,-120.5452,0.25,NA
"WEST POINT, CA US",845.8,38.3775,-120.5452,1.27,NA
"WEST POINT, CA US",845.8,38.3775,-120.5452,15.75,NA
"WEST POINT, CA US",845.8,38.3775,-120.5452,58.67,NA
"WEST POINT, CA US",845.8,38.3775,-120.5452,112.01,NA
"WEST POINT, CA US",845.8,38.3775,-120.5452,176.28,NA
"SO ENTRANCE YOSEMITE N.P., CA US",1538.3,37.5122,-119.6331,196.6,2.1
"SO ENTRANCE YOSEMITE N.P., CA US",1538.3,37.5122,-119.6331,198.37,2.5
"SO ENTRANCE YOSEMITE N.P., CA US",1538.3,37.5122,-119.6331,149.86,3.9
"SO ENTRANCE YOSEMITE N.P., CA US",1538.3,37.5122,-119.6331,79.25,6.1
"SO ENTRANCE YOSEMITE N.P., CA US",1538.3,37.5122,-119.6331,45.21,10.4
"SO ENTRANCE YOSEMITE N.P., CA US",1538.3,37.5122,-119.6331,13.72,14.7
"SO ENTRANCE YOSEMITE N.P., CA US",1538.3,37.5122,-119.6331,1.52,18.3
"SO ENTRANCE YOSEMITE N.P., CA US",1538.3,37.5122,-119.6331,3.3,17.9
"SO ENTRANCE YOSEMITE N.P., CA US",1538.3,37.5122,-119.6331,17.78,15.1
"SO ENTRANCE YOSEMITE N.P., CA US",1538.3,37.5122,-119.6331,64.77,10.2
"SO ENTRANCE YOSEMITE N.P., CA US",1538.3,37.5122,-119.6331,115.82,4.9
"SO ENTRANCE YOSEMITE N.P., CA US",1538.3,37.5122,-119.6331,161.54,1.8
"HARRY ENGLEBRIGHT DM, CA US",243.8,39.2372,-121.2666,150.11,NA
"HARRY ENGLEBRIGHT DM, CA US",243.8,39.2372,-121.2666,150.11,NA
"HARRY ENGLEBRIGHT DM, CA US",243.8,39.2372,-121.2666,141.22,NA
"HARRY ENGLEBRIGHT DM, CA US",243.8,39.2372,-121.2666,68.83,NA
"HARRY ENGLEBRIGHT DM, CA US",243.8,39.2372,-121.2666,36.32,NA
"HARRY ENGLEBRIGHT DM, CA US",243.8,39.2372,-121.2666,10.92,NA
"HARRY ENGLEBRIGHT DM, CA US",243.8,39.2372,-121.2666,-7777,NA
"HARRY ENGLEBRIGHT DM, CA US",243.8,39.2372,-121.2666,3.05,NA
"HARRY ENGLEBRIGHT DM, CA US",243.8,39.2372,-121.2666,13.97,NA
"HARRY ENGLEBRIGHT DM, CA US",243.8,39.2372,-121.2666,47.24,NA
"HARRY ENGLEBRIGHT DM, CA US",243.8,39.2372,-121.2666,116.33,NA
"HARRY ENGLEBRIGHT DM, CA US",243.8,39.2372,-121.2666,163.58,NA
"HETCH HETCHY, CA US",1179.6,37.9613,-119.783,160.02,3.7
"HETCH HETCHY, CA US",1179.6,37.9613,-119.783,149.1,4.9
"HETCH HETCHY, CA US",1179.6,37.9613,-119.783,141.22,7.2
"HETCH HETCHY, CA US",1179.6,37.9613,-119.783,84.33,9.7
"HETCH HETCHY, CA US",1179.6,37.9613,-119.783,54.36,13.7
"HETCH HETCHY, CA US",1179.6,37.9613,-119.783,17.78,17.8
"HETCH HETCHY, CA US",1179.6,37.9613,-119.783,7.11,21.5
"HETCH HETCHY, CA US",1179.6,37.9613,-119.783,3.56,21.2
"HETCH HETCHY, CA US",1179.6,37.9613,-119.783,20.32,18.4
"HETCH HETCHY, CA US",1179.6,37.9613,-119.783,61.21,13.4
"HETCH HETCHY, CA US",1179.6,37.9613,-119.783,111.51,7.3
"HETCH HETCHY, CA US",1179.6,37.9613,-119.783,147.07,3.3
"SUTTER HILL CDF, CA US",483.4,38.3772,-120.8008,152.91,7.9
"SUTTER HILL CDF, CA US",483.4,38.3772,-120.8008,140.21,9.3
"SUTTER HILL CDF, CA US",483.4,38.3772,-120.8008,127.76,11.3
"SUTTER HILL CDF, CA US",483.4,38.3772,-120.8008,67.82,13.2
"SUTTER HILL CDF, CA US",483.4,38.3772,-120.8008,37.85,17.3
"SUTTER HILL CDF, CA US",483.4,38.3772,-120.8008,8.89,21.8
"SUTTER HILL CDF, CA US",483.4,38.3772,-120.8008,0.51,24.8
"SUTTER HILL CDF, CA US",483.4,38.3772,-120.8008,1.52,24.6
"SUTTER HILL CDF, CA US",483.4,38.3772,-120.8008,14.22,22.4
"SUTTER HILL CDF, CA US",483.4,38.3772,-120.8008,49.78,17.4
"SUTTER HILL CDF, CA US",483.4,38.3772,-120.8008,100.58,11.5
"SUTTER HILL CDF, CA US",483.4,38.3772,-120.8008,139.45,7.4
"FRIANT GOVERNMENT CAMP, CA US",125,36.9969,-119.7072,75.18,8.4
"FRIANT GOVERNMENT CAMP, CA US",125,36.9969,-119.7072,66.04,10.8
"FRIANT GOVERNMENT CAMP, CA US",125,36.9969,-119.7072,66.8,12.8
"FRIANT GOVERNMENT CAMP, CA US",125,36.9969,-119.7072,30.23,15.1
"FRIANT GOVERNMENT CAMP, CA US",125,36.9969,-119.7072,12.45,19.7
"FRIANT GOVERNMENT CAMP, CA US",125,36.9969,-119.7072,5.33,23.7
"FRIANT GOVERNMENT CAMP, CA US",125,36.9969,-119.7072,0.25,27.1
"FRIANT GOVERNMENT CAMP, CA US",125,36.9969,-119.7072,0.25,26.4
"FRIANT GOVERNMENT CAMP, CA US",125,36.9969,-119.7072,4.57,23.8
"FRIANT GOVERNMENT CAMP, CA US",125,36.9969,-119.7072,21.34,18.8
"FRIANT GOVERNMENT CAMP, CA US",125,36.9969,-119.7072,37.59,12.5
"FRIANT GOVERNMENT CAMP, CA US",125,36.9969,-119.7072,59.18,8.3
"GEORGETOWN R S, CA US",914.7,38.933,-120.8008,216.66,6.9
"GEORGETOWN R S, CA US",914.7,38.933,-120.8008,227.08,7.2
"GEORGETOWN R S, CA US",914.7,38.933,-120.8008,212.6,8.9
"GEORGETOWN R S, CA US",914.7,38.933,-120.8008,113.03,11.8
"GEORGETOWN R S, CA US",914.7,38.933,-120.8008,58.17,15.8
"GEORGETOWN R S, CA US",914.7,38.933,-120.8008,17.27,20.4
"GEORGETOWN R S, CA US",914.7,38.933,-120.8008,0.51,24.4
"GEORGETOWN R S, CA US",914.7,38.933,-120.8008,3.05,24.4
"GEORGETOWN R S, CA US",914.7,38.933,-120.8008,20.57,21.5
"GEORGETOWN R S, CA US",914.7,38.933,-120.8008,72.39,16.1
"GEORGETOWN R S, CA US",914.7,38.933,-120.8008,162.31,9.8
"GEORGETOWN R S, CA US",914.7,38.933,-120.8008,205.23,6.1
"PINE FLAT DAM, CA US",187.5,36.821,-119.3374,102.11,NA
"PINE FLAT DAM, CA US",187.5,36.821,-119.3374,95.25,NA
"PINE FLAT DAM, CA US",187.5,36.821,-119.3374,89.41,NA
"PINE FLAT DAM, CA US",187.5,36.821,-119.3374,41.4,NA
"PINE FLAT DAM, CA US",187.5,36.821,-119.3374,18.8,NA
"PINE FLAT DAM, CA US",187.5,36.821,-119.3374,6.6,NA
"PINE FLAT DAM, CA US",187.5,36.821,-119.3374,0.76,NA
"PINE FLAT DAM, CA US",187.5,36.821,-119.3374,0.25,NA
"PINE FLAT DAM, CA US",187.5,36.821,-119.3374,7.11,NA
"PINE FLAT DAM, CA US",187.5,36.821,-119.3374,29.97,NA
"PINE FLAT DAM, CA US",187.5,36.821,-119.3374,50.8,NA
"PINE FLAT DAM, CA US",187.5,36.821,-119.3374,84.84,NA
"INDEPENDENCE, CA US",1204,36.798,-118.2036,29.46,5.6
"INDEPENDENCE, CA US",1204,36.798,-118.2036,25.65,7.6
"INDEPENDENCE, CA US",1204,36.798,-118.2036,16.26,11.2
"INDEPENDENCE, CA US",1204,36.798,-118.2036,4.83,14.7
"INDEPENDENCE, CA US",1204,36.798,-118.2036,2.54,19.9
"INDEPENDENCE, CA US",1204,36.798,-118.2036,4.06,24.8
"INDEPENDENCE, CA US",1204,36.798,-118.2036,3.05,28.1
"INDEPENDENCE, CA US",1204,36.798,-118.2036,3.05,26.7
"INDEPENDENCE, CA US",1204,36.798,-118.2036,3.56,22.9
"INDEPENDENCE, CA US",1204,36.798,-118.2036,5.33,16.4
"INDEPENDENCE, CA US",1204,36.798,-118.2036,16.76,9.8
"INDEPENDENCE, CA US",1204,36.798,-118.2036,24.64,5
"FIDDLETOWN DEXTER RANCH, CA US",658.4,38.5236,-120.7061,165.61,NA
"FIDDLETOWN DEXTER RANCH, CA US",658.4,38.5236,-120.7061,155.96,NA
"FIDDLETOWN DEXTER RANCH, CA US",658.4,38.5236,-120.7061,152.65,NA
"FIDDLETOWN DEXTER RANCH, CA US",658.4,38.5236,-120.7061,77.47,NA
"FIDDLETOWN DEXTER RANCH, CA US",658.4,38.5236,-120.7061,47.75,NA
"FIDDLETOWN DEXTER RANCH, CA US",658.4,38.5236,-120.7061,12.19,NA
"FIDDLETOWN DEXTER RANCH, CA US",658.4,38.5236,-120.7061,0.25,NA
"FIDDLETOWN DEXTER RANCH, CA US",658.4,38.5236,-120.7061,2.03,NA
"FIDDLETOWN DEXTER RANCH, CA US",658.4,38.5236,-120.7061,14.73,NA
"FIDDLETOWN DEXTER RANCH, CA US",658.4,38.5236,-120.7061,54.36,NA
"FIDDLETOWN DEXTER RANCH, CA US",658.4,38.5236,-120.7061,110.24,NA
"FIDDLETOWN DEXTER RANCH, CA US",658.4,38.5236,-120.7061,159.51,NA
"STRAWBERRY VALLEY, CA US",1160.7,39.563,-121.1077,348.74,4.2
"STRAWBERRY VALLEY, CA US",1160.7,39.563,-121.1077,346.71,4.6
"STRAWBERRY VALLEY, CA US",1160.7,39.563,-121.1077,301.24,6.1
"STRAWBERRY VALLEY, CA US",1160.7,39.563,-121.1077,160.27,8.3
"STRAWBERRY VALLEY, CA US",1160.7,39.563,-121.1077,99.31,12.3
"STRAWBERRY VALLEY, CA US",1160.7,39.563,-121.1077,28.45,16.4
"STRAWBERRY VALLEY, CA US",1160.7,39.563,-121.1077,1.52,19.8
"STRAWBERRY VALLEY, CA US",1160.7,39.563,-121.1077,5.33,19.5
"STRAWBERRY VALLEY, CA US",1160.7,39.563,-121.1077,30.73,17.2
"STRAWBERRY VALLEY, CA US",1160.7,39.563,-121.1077,113.79,12.6
"STRAWBERRY VALLEY, CA US",1160.7,39.563,-121.1077,254.76,7
"STRAWBERRY VALLEY, CA US",1160.7,39.563,-121.1077,412.75,4.1
"YOSEMITE VILLAGE 12 W, CA US",2017.8,37.7592,-119.8208,176.53,3
"YOSEMITE VILLAGE 12 W, CA US",2017.8,37.7592,-119.8208,198.12,2.5
"YOSEMITE VILLAGE 12 W, CA US",2017.8,37.7592,-119.8208,147.57,3.8
"YOSEMITE VILLAGE 12 W, CA US",2017.8,37.7592,-119.8208,86.87,6
"YOSEMITE VILLAGE 12 W, CA US",2017.8,37.7592,-119.8208,57.91,10.9
"YOSEMITE VILLAGE 12 W, CA US",2017.8,37.7592,-119.8208,15.49,15.5
"YOSEMITE VILLAGE 12 W, CA US",2017.8,37.7592,-119.8208,4.57,19.9
"YOSEMITE VILLAGE 12 W, CA US",2017.8,37.7592,-119.8208,3.3,19.4
"YOSEMITE VILLAGE 12 W, CA US",2017.8,37.7592,-119.8208,14.73,16.9
"YOSEMITE VILLAGE 12 W, CA US",2017.8,37.7592,-119.8208,70.1,10.8
"YOSEMITE VILLAGE 12 W, CA US",2017.8,37.7592,-119.8208,114.81,6.7
"YOSEMITE VILLAGE 12 W, CA US",2017.8,37.7592,-119.8208,170.18,2.3
"KELSEY 1 N, CA US",609.6,38.8088,-120.8208,164.59,NA
"KELSEY 1 N, CA US",609.6,38.8088,-120.8208,162.05,NA
"KELSEY 1 N, CA US",609.6,38.8088,-120.8208,148.59,NA
"KELSEY 1 N, CA US",609.6,38.8088,-120.8208,82.55,NA
"KELSEY 1 N, CA US",609.6,38.8088,-120.8208,53.09,NA
"KELSEY 1 N, CA US",609.6,38.8088,-120.8208,14.48,NA
"KELSEY 1 N, CA US",609.6,38.8088,-120.8208,0.25,NA
"KELSEY 1 N, CA US",609.6,38.8088,-120.8208,2.29,NA
"KELSEY 1 N, CA US",609.6,38.8088,-120.8208,14.99,NA
"KELSEY 1 N, CA US",609.6,38.8088,-120.8208,56.64,NA
"KELSEY 1 N, CA US",609.6,38.8088,-120.8208,128.02,NA
"KELSEY 1 N, CA US",609.6,38.8088,-120.8208,161.54,NA
"PARADISE, CA US",533.4,39.7538,-121.6241,262.89,8.1
"PARADISE, CA US",533.4,39.7538,-121.6241,255.52,9.3
"PARADISE, CA US",533.4,39.7538,-121.6241,209.3,11.3
"PARADISE, CA US",533.4,39.7538,-121.6241,107.19,13.8
"PARADISE, CA US",533.4,39.7538,-121.6241,58.42,18.1
"PARADISE, CA US",533.4,39.7538,-121.6241,19.05,22.4
"PARADISE, CA US",533.4,39.7538,-121.6241,1.02,25.9
"PARADISE, CA US",533.4,39.7538,-121.6241,4.06,25.3
"PARADISE, CA US",533.4,39.7538,-121.6241,22.35,22.8
"PARADISE, CA US",533.4,39.7538,-121.6241,76.2,17.7
"PARADISE, CA US",533.4,39.7538,-121.6241,176.78,11.3
"PARADISE, CA US",533.4,39.7538,-121.6241,283.72,7.9
"TAHOE CITY, CA US",1898.9,39.1678,-120.1428,149.61,-1.4
"TAHOE CITY, CA US",1898.9,39.1678,-120.1428,144.53,-0.8
"TAHOE CITY, CA US",1898.9,39.1678,-120.1428,119.89,1.2
"TAHOE CITY, CA US",1898.9,39.1678,-120.1428,53.09,3.8
"TAHOE CITY, CA US",1898.9,39.1678,-120.1428,35.31,8.1
"TAHOE CITY, CA US",1898.9,39.1678,-120.1428,18.03,12.2
"TAHOE CITY, CA US",1898.9,39.1678,-120.1428,5.08,16.2
"TAHOE CITY, CA US",1898.9,39.1678,-120.1428,8.64,16
"TAHOE CITY, CA US",1898.9,39.1678,-120.1428,19.81,12.5
"TAHOE CITY, CA US",1898.9,39.1678,-120.1428,52.58,7.6
"TAHOE CITY, CA US",1898.9,39.1678,-120.1428,112.01,2.3
"TAHOE CITY, CA US",1898.9,39.1678,-120.1428,151.64,-1.2
"INYOKERN, CA US",740.7,35.6513,-117.8213,23.62,7.6
"INYOKERN, CA US",740.7,35.6513,-117.8213,30.23,9.8
"INYOKERN, CA US",740.7,35.6513,-117.8213,14.48,12.9
"INYOKERN, CA US",740.7,35.6513,-117.8213,3.05,16.4
"INYOKERN, CA US",740.7,35.6513,-117.8213,1.78,21.4
"INYOKERN, CA US",740.7,35.6513,-117.8213,1.02,25.9
"INYOKERN, CA US",740.7,35.6513,-117.8213,4.06,29.2
"INYOKERN, CA US",740.7,35.6513,-117.8213,6.6,28.4
"INYOKERN, CA US",740.7,35.6513,-117.8213,4.32,24.6
"INYOKERN, CA US",740.7,35.6513,-117.8213,2.54,18.6
"INYOKERN, CA US",740.7,35.6513,-117.8213,8.89,11.8
"INYOKERN, CA US",740.7,35.6513,-117.8213,24.89,7.1
"SOUTH LAKE, CA US",2920,37.1683,-118.5705,76.2,NA
"SOUTH LAKE, CA US",2920,37.1683,-118.5705,83.57,NA
"SOUTH LAKE, CA US",2920,37.1683,-118.5705,59.69,NA
"SOUTH LAKE, CA US",2920,37.1683,-118.5705,33.02,NA
"SOUTH LAKE, CA US",2920,37.1683,-118.5705,19.05,NA
"SOUTH LAKE, CA US",2920,37.1683,-118.5705,12.95,NA
"SOUTH LAKE, CA US",2920,37.1683,-118.5705,14.73,NA
"SOUTH LAKE, CA US",2920,37.1683,-118.5705,15.75,NA
"SOUTH LAKE, CA US",2920,37.1683,-118.5705,22.61,NA
"SOUTH LAKE, CA US",2920,37.1683,-118.5705,25.15,NA
"SOUTH LAKE, CA US",2920,37.1683,-118.5705,49.28,NA
"SOUTH LAKE, CA US",2920,37.1683,-118.5705,64.77,NA
"YOSEMITE PARK HEADQUARTERS, CA US",1224.7,37.75,-119.5897,166.12,3.4
"YOSEMITE PARK HEADQUARTERS, CA US",1224.7,37.75,-119.5897,169.16,5
"YOSEMITE PARK HEADQUARTERS, CA US",1224.7,37.75,-119.5897,130.81,7.6
"YOSEMITE PARK HEADQUARTERS, CA US",1224.7,37.75,-119.5897,70.87,10.4
"YOSEMITE PARK HEADQUARTERS, CA US",1224.7,37.75,-119.5897,42.16,14.4
"YOSEMITE PARK HEADQUARTERS, CA US",1224.7,37.75,-119.5897,16.51,18.9
"YOSEMITE PARK HEADQUARTERS, CA US",1224.7,37.75,-119.5897,9.65,22.8
"YOSEMITE PARK HEADQUARTERS, CA US",1224.7,37.75,-119.5897,2.79,22.6
"YOSEMITE PARK HEADQUARTERS, CA US",1224.7,37.75,-119.5897,16.51,19.3
"YOSEMITE PARK HEADQUARTERS, CA US",1224.7,37.75,-119.5897,53.59,13.6
"YOSEMITE PARK HEADQUARTERS, CA US",1224.7,37.75,-119.5897,116.33,6.8
"YOSEMITE PARK HEADQUARTERS, CA US",1224.7,37.75,-119.5897,138.43,3
"BISHOP CRK INTAKE 2, CA US",2485.3,37.248,-118.5813,49.02,NA
"BISHOP CRK INTAKE 2, CA US",2485.3,37.248,-118.5813,49.02,NA
"BISHOP CRK INTAKE 2, CA US",2485.3,37.248,-118.5813,41.4,NA
"BISHOP CRK INTAKE 2, CA US",2485.3,37.248,-118.5813,20.83,NA
"BISHOP CRK INTAKE 2, CA US",2485.3,37.248,-118.5813,13.97,NA
"BISHOP CRK INTAKE 2, CA US",2485.3,37.248,-118.5813,8.64,NA
"BISHOP CRK INTAKE 2, CA US",2485.3,37.248,-118.5813,10.41,NA
"BISHOP CRK INTAKE 2, CA US",2485.3,37.248,-118.5813,12.19,NA
"BISHOP CRK INTAKE 2, CA US",2485.3,37.248,-118.5813,14.22,NA
"BISHOP CRK INTAKE 2, CA US",2485.3,37.248,-118.5813,17.27,NA
"BISHOP CRK INTAKE 2, CA US",2485.3,37.248,-118.5813,38.35,NA
"BISHOP CRK INTAKE 2, CA US",2485.3,37.248,-118.5813,43.43,NA
"BOCA, CA US",1699.3,39.3886,-120.0936,86.36,-2.8
"BOCA, CA US",1699.3,39.3886,-120.0936,86.11,-1.4
"BOCA, CA US",1699.3,39.3886,-120.0936,70.36,1.8
"BOCA, CA US",1699.3,39.3886,-120.0936,34.54,4.7
"BOCA, CA US",1699.3,39.3886,-120.0936,24.89,8.8
"BOCA, CA US",1699.3,39.3886,-120.0936,13.46,12.6
"BOCA, CA US",1699.3,39.3886,-120.0936,11.68,16.1
"BOCA, CA US",1699.3,39.3886,-120.0936,9.65,15.4
"BOCA, CA US",1699.3,39.3886,-120.0936,22.61,11.9
"BOCA, CA US",1699.3,39.3886,-120.0936,37.59,7.3
"BOCA, CA US",1699.3,39.3886,-120.0936,72.64,1.8
"BOCA, CA US",1699.3,39.3886,-120.0936,99.82,-2.5
"HUNTINGTON LAKE, CA US",2139.7,37.2275,-119.22056,202.44,1.5
"HUNTINGTON LAKE, CA US",2139.7,37.2275,-119.22056,204.22,1.3
"HUNTINGTON LAKE, CA US",2139.7,37.2275,-119.22056,166.12,2.4
"HUNTINGTON LAKE, CA US",2139.7,37.2275,-119.22056,96.27,4.3
"HUNTINGTON LAKE, CA US",2139.7,37.2275,-119.22056,54.61,7.9
"HUNTINGTON LAKE, CA US",2139.7,37.2275,-119.22056,16.76,11.9
"HUNTINGTON LAKE, CA US",2139.7,37.2275,-119.22056,11.94,15.9
"HUNTINGTON LAKE, CA US",2139.7,37.2275,-119.22056,4.83,15.7
"HUNTINGTON LAKE, CA US",2139.7,37.2275,-119.22056,21.34,12.8
"HUNTINGTON LAKE, CA US",2139.7,37.2275,-119.22056,65.79,8.4
"HUNTINGTON LAKE, CA US",2139.7,37.2275,-119.22056,112.52,4.1
"HUNTINGTON LAKE, CA US",2139.7,37.2275,-119.22056,182.12,1.7
"LODGEPOLE, CA US",2052.8,36.6044,-118.7325,212.34,-2.6
"LODGEPOLE, CA US",2052.8,36.6044,-118.7325,214.38,-1.4
"LODGEPOLE, CA US",2052.8,36.6044,-118.7325,174.5,0.8
"LODGEPOLE, CA US",2052.8,36.6044,-118.7325,83.06,3.2
"LODGEPOLE, CA US",2052.8,36.6044,-118.7325,35.81,7.6
"LODGEPOLE, CA US",2052.8,36.6044,-118.7325,16.26,12
"LODGEPOLE, CA US",2052.8,36.6044,-118.7325,16.26,15.7
"LODGEPOLE, CA US",2052.8,36.6044,-118.7325,7.11,15.4
"LODGEPOLE, CA US",2052.8,36.6044,-118.7325,24.64,12
"LODGEPOLE, CA US",2052.8,36.6044,-118.7325,56.9,6.9
"LODGEPOLE, CA US",2052.8,36.6044,-118.7325,119.89,1.4
"LODGEPOLE, CA US",2052.8,36.6044,-118.7325,194.06,-2.8
"PACIFIC HOUSE, CA US",1051.6,38.7583,-120.503,240.54,NA
"PACIFIC HOUSE, CA US",1051.6,38.7583,-120.503,220.22,NA
"PACIFIC HOUSE, CA US",1051.6,38.7583,-120.503,205.23,NA
"PACIFIC HOUSE, CA US",1051.6,38.7583,-120.503,114.81,NA
"PACIFIC HOUSE, CA US",1051.6,38.7583,-120.503,72.64,NA
"PACIFIC HOUSE, CA US",1051.6,38.7583,-120.503,19.81,NA
"PACIFIC HOUSE, CA US",1051.6,38.7583,-120.503,0.76,NA
"PACIFIC HOUSE, CA US",1051.6,38.7583,-120.503,2.03,NA
"PACIFIC HOUSE, CA US",1051.6,38.7583,-120.503,24.38,NA
"PACIFIC HOUSE, CA US",1051.6,38.7583,-120.503,77.22,NA
"PACIFIC HOUSE, CA US",1051.6,38.7583,-120.503,168.4,NA
"PACIFIC HOUSE, CA US",1051.6,38.7583,-120.503,235.97,NA
"MAMMOTH LAKES RANGER STATION, CA US",2378.7,37.6478,-118.9617,NA,-2.5
"MAMMOTH LAKES RANGER STATION, CA US",2378.7,37.6478,-118.9617,NA,-2.3
"MAMMOTH LAKES RANGER STATION, CA US",2378.7,37.6478,-118.9617,NA,0.2
"MAMMOTH LAKES RANGER STATION, CA US",2378.7,37.6478,-118.9617,NA,3.3
"MAMMOTH LAKES RANGER STATION, CA US",2378.7,37.6478,-118.9617,NA,8.2
"MAMMOTH LAKES RANGER STATION, CA US",2378.7,37.6478,-118.9617,NA,12.6
"MAMMOTH LAKES RANGER STATION, CA US",2378.7,37.6478,-118.9617,NA,16.4
"MAMMOTH LAKES RANGER STATION, CA US",2378.7,37.6478,-118.9617,NA,16
"MAMMOTH LAKES RANGER STATION, CA US",2378.7,37.6478,-118.9617,NA,11.9
"MAMMOTH LAKES RANGER STATION, CA US",2378.7,37.6478,-118.9617,NA,6.7
"MAMMOTH LAKES RANGER STATION, CA US",2378.7,37.6478,-118.9617,NA,1.3
"MAMMOTH LAKES RANGER STATION, CA US",2378.7,37.6478,-118.9617,NA,-1.8
"COLFAX, CA US",725.4,39.0911,-120.948,197.1,6.3
"COLFAX, CA US",725.4,39.0911,-120.948,207.26,7.3
"COLFAX, CA US",725.4,39.0911,-120.948,179.32,8.9
"COLFAX, CA US",725.4,39.0911,-120.948,86.61,11.2
"COLFAX, CA US",725.4,39.0911,-120.948,50.55,15.5
"COLFAX, CA US",725.4,39.0911,-120.948,15.49,19.8
"COLFAX, CA US",725.4,39.0911,-120.948,0.51,23.7
"COLFAX, CA US",725.4,39.0911,-120.948,3.3,22.9
"COLFAX, CA US",725.4,39.0911,-120.948,20.07,20.2
"COLFAX, CA US",725.4,39.0911,-120.948,64.77,15
"COLFAX, CA US",725.4,39.0911,-120.948,154.18,9
"COLFAX, CA US",725.4,39.0911,-120.948,215.65,5.9
"COLGATE POWERHOUSE, CA US",181.4,39.3308,-121.1922,179.58,NA
"COLGATE POWERHOUSE, CA US",181.4,39.3308,-121.1922,168.91,NA
"COLGATE POWERHOUSE, CA US",181.4,39.3308,-121.1922,161.04,NA
"COLGATE POWERHOUSE, CA US",181.4,39.3308,-121.1922,78.74,NA
"COLGATE POWERHOUSE, CA US",181.4,39.3308,-121.1922,51.05,NA
"COLGATE POWERHOUSE, CA US",181.4,39.3308,-121.1922,15.24,NA
"COLGATE POWERHOUSE, CA US",181.4,39.3308,-121.1922,0.25,NA
"COLGATE POWERHOUSE, CA US",181.4,39.3308,-121.1922,4.06,NA
"COLGATE POWERHOUSE, CA US",181.4,39.3308,-121.1922,18.03,NA
"COLGATE POWERHOUSE, CA US",181.4,39.3308,-121.1922,60.45,NA
"COLGATE POWERHOUSE, CA US",181.4,39.3308,-121.1922,135.64,NA
"COLGATE POWERHOUSE, CA US",181.4,39.3308,-121.1922,203.45,NA
"BODIE CALIFORNIA STATE HISTORIC PARK, CA US",2551.2,38.2119,-119.0142,42.16,-5.2
"BODIE CALIFORNIA STATE HISTORIC PARK, CA US",2551.2,38.2119,-119.0142,39.62,-4.4
"BODIE CALIFORNIA STATE HISTORIC PARK, CA US",2551.2,38.2119,-119.0142,37.85,-2.1
"BODIE CALIFORNIA STATE HISTORIC PARK, CA US",2551.2,38.2119,-119.0142,23.62,1.3
"BODIE CALIFORNIA STATE HISTORIC PARK, CA US",2551.2,38.2119,-119.0142,17.78,5.8
"BODIE CALIFORNIA STATE HISTORIC PARK, CA US",2551.2,38.2119,-119.0142,19.3,10
"BODIE CALIFORNIA STATE HISTORIC PARK, CA US",2551.2,38.2119,-119.0142,18.29,13.3
"BODIE CALIFORNIA STATE HISTORIC PARK, CA US",2551.2,38.2119,-119.0142,11.43,12.4
"BODIE CALIFORNIA STATE HISTORIC PARK, CA US",2551.2,38.2119,-119.0142,11.68,9
"BODIE CALIFORNIA STATE HISTORIC PARK, CA US",2551.2,38.2119,-119.0142,13.46,4.1
"BODIE CALIFORNIA STATE HISTORIC PARK, CA US",2551.2,38.2119,-119.0142,27.69,-1.1
"BODIE CALIFORNIA STATE HISTORIC PARK, CA US",2551.2,38.2119,-119.0142,36.58,-4.9
