TRI_FACILITY_ID,count,FACILITY_NAME,COUNTY,air_releases,fugitive_air,stack_air,LATITUDE,LONGITUDE
91002FRMND585BR,2,FORUM IND,SAN MATEO,1423,1423,0,37.51523,-122.26686
92052ZPMNF2970C,1,ZEP MFG CO,SANTA CLARA,337,337,0,37.37575,-121.98786
93117TLDYN3165P,2,TELEDYNE MEC,SANTA CLARA,12600,12600,0,37.40796,-122.15023
94002GTWSG477HA,2,MORGAN ADVANCED CERAMICS BELMONT WESGO METALS,SAN MATEO,18700,18700,0,37.51956,-122.26906
94002SMPRD120SE,2,SEM PRODS INC,SAN MATEO,1500,500,1000,37.52472,-122.26675
94025HBLNN151CO,2,HEUBLEIN INC,SAN MATEO,500,0,500,37.47928,-122.1722
94025RYCHM300CO,10,TE CONNECTIVITY CORP,SAN MATEO,144871,47562,97309,37.48187,-122.16699
94025SNFRD990OB,1,SANFORD METAL PROCESSING CO,SAN MATEO,9675,9675,0,37.47498,-122.1518
94026BYPCK3575H,2,BAY PACKAGING & CONVERTING CO INC,SAN MATEO,80000,32000,48000,37.48629,-122.18697
94026CDRSY3475E,2,CDR SYS CORP,SAN MATEO,126800,0,126800,37.47655,-122.19747
94039LTTNP1101M,1,LITTON APPLIED TECH,SANTA CLARA,8664,8664,0,37.39459,-122.045444
94039NTNLS313FA,8,NATIONAL SEMICONDUCTOR CORP,SANTA CLARA,26836,21831,5005,37.40486,-122.05546
94042JSCCH1710V,5,JASCO CHEMICAL CORP,SANTA CLARA,28196,16663,11533,37.3988,-122.0882
94043BLLND2637M,1,BELL INDUSTRIES INC PRECISION METALCRAFT DIV,SANTA CLARA,15138,15138,0,37.42872,-122.09808
94043GTGVR100FE,2,GTE GOVERNMENT SYSTEMS CORP ELECTRONIC DEFENSE,SANTA CLARA,750,500,250,37.38822,-122.05742
94043NTXXX1625P,1,SANMINA PLANT 4,SANTA CLARA,250,0,250,37.41672,-122.08337
94043RYTHN350EL,4,FAIRCHILD SEMICONDUCTOR,SANTA CLARA,1934,35,1899,37.3975,-122.0533
94043SMMTC644NA,1,SUMMIT CORP OF AMERICA,SANTA CLARA,500,250,250,37.40274,-122.0539
94043SPCTR1250W,3,SPECTRA-PHYSICS LASER INC,SANTA CLARA,48590,12275,36315,37.4101,-122.08215
94043TCHNT630NA,1,TECHNITRON INC,SANTA CLARA,250,0,250,37.40185,-122.05421
94063MPXCR401BR,2,AMPEX CORP,SAN MATEO,4016,3516,500,37.48515,-122.202311
94063PRSSR50CHE,1,UNIVAR USA INC,SAN MATEO,250,0,250,37.50396,-122.210381
94063RYCHMOAKSI,2,TYCO ELECTRONICS CORP WIRE & CABLE DIV,SAN MATEO,12206,0,12206,37.476899,-122.206467
94066PHSXX1229M,3,PHASE II,SAN MATEO,750,750,0,37.63976,-122.41242
94070KLLYM1015C,6,KELLY-MOORE PAINT CO INC,SAN MATEO,3250,1500,1750,37.50435,-122.25323
94070LTTNL960IN,3,L-3 COMMUNICATIONS ELECTRON DEVICES DIV,SAN MATEO,36507,22480,14027,37.50572,-122.25022
94070MCDVS301IN,8,COMMUNICATIONS & POWER INDUSTRIES INC EIMAC DIVISON,SAN MATEO,171920,9370,162550,37.51415,-122.26055
94070SPNCR952BR,5,REICHHOLD CHEMICALS INC,SAN MATEO,2250,1000,1250,37.50661,-122.25308
94070THVLS920SO,1,VALSPAR CORP,SAN MATEO,8646,8646,0,37.49941,-122.24506
94080LTHTY333PT,1,LITHOTYPE CO,SAN MATEO,24000,10000,14000,37.653552,-122.379066
94080THBRN450EG,5,ICI PAINTS,SAN MATEO,16531,15150,1381,37.650923,-122.382979
94083DJSMP111SO,5,SIMPSON COATINGS GROUP INC,SAN MATEO,4841,3341,1500,37.64974,-122.41434
94086DTGNR433NM,1,DATA GENERAL CORP SUNNYVALE DIV,SANTA CLARA,250,0,250,37.38759,-122.03105
94086DVNCD1165E,5,ADVANCED MICRO DEVICES INC,SANTA CLARA,7050,1750,5300,37.3816,-121.9968
94086HWLTT974EA,2,APPLIED MATERIALS INC-ARQUES CAMPUS,SANTA CLARA,12733,250,12483,37.38085,-122.00544
94086KTCHM1170S,3,KTI CHEMICALS INC,SANTA CLARA,750,0,750,37.37154,-121.99832
94086MCRMS695VA,2,PHOTRONICS INC,SANTA CLARA,1000,1000,0,37.39463,-122.03168
94086MDHLC1250E,2,AMDAHL CORP,SANTA CLARA,78913,67986,10927,37.38045,-121.98929
94086PRTNG183CO,4,PROTO ENGINEERING CORP,SANTA CLARA,40,40,0,37.376,-122.00847
94086RGSYS310NO,1,ARGOSYSTEMS INC,SANTA CLARA,14500,1500,13000,37.38793,-122.04311
94086SGNTC811EA,12,PHILIPS SEMICONDUCTORS,SANTA CLARA,40199,4500,35699,37.38094,-122.01095
94086SHDDS1484K,1,VAN DEN BERGH FOODS CO,SANTA CLARA,1250,1250,0,37.37408,-121.98324
94086XDXCR305SO,5,SKC AMERICA INC,SANTA CLARA,296710,209310,87400,37.38573,-122.03566
94086XRCRP750PA,4,EXAR CORP,SANTA CLARA,1676,0,1676,37.39527,-122.03445
94086ZYMSC477NM,3,ZYMOS CORP,SANTA CLARA,16292,16247,45,37.372237,-122.036041
94087FRDMT620ET,1,FOUR-D METAL FINISHING INC,SANTA CLARA,250,250,0,37.38328,-122.01699
94088DVNCD901TH,4,ADVANCED MICRO DEVICES INC 901 FACILITY,SANTA CLARA,2000,1000,1000,37.3825,-122.0086
94088DVNCD915DE,6,SPANSION LLC,SANTA CLARA,3000,1500,1500,37.3868,-122.0066
94088LTTNP525AL,1,LITTON SYSTEMS INC APPLIED TECHNOLOGY DIV,SANTA CLARA,44944,44944,0,37.280335,-121.804164
94088MHWKL932KI,3,NCH CORP MOHAWK LABS DIV,SANTA CLARA,6250,2800,3450,37.37423,-122.00887
94088WSTNG401EH,2,NORTHROP GRUMMAN SYSTEMS CORP,SANTA CLARA,78300,68000,10300,37.3787,-122.0225
94089KLTRN1380B,2,CONTACT INTERNATIONAL CORPORATION,SANTA CLARA,750,500,250,37.41599,-122.0238
94089LCKHD1111L,8,LOCKHEED MARTIN SPACE SYSTEMS CO,SANTA CLARA,665200,165450,499750,37.4166,-122.03599
94089RMSTR1271A,1,ARMSTRONG TECHNOLOGY INC,SANTA CLARA,19200,8500,10700,37.40731,-121.99379
94103THMCG1201B,1,MCGUIRE FURNITURE CO,SAN FRANCISCO,5043,0,5043,37.77034,-122.40974
94107THGLD10001,8,GLIDDEN CO,SAN FRANCISCO,4750,2750,2000,37.76643,-122.39688
94107WLLMS534FO,1,WILLIAMS LITHOGRAPH CO,SAN FRANCISCO,14000,14000,0,37.77903,-122.39741
94110BSTFD1890B,2,BEST FOODS,SAN FRANCISCO,500,500,0,37.76329,-122.41029
94124CLRVM221BA,2,CLERVI MARBLE CO,SAN FRANCISCO,2250,2000,250,37.74476,-122.40425
94124LHMBR2217R,3,ALHAMBRA DRINKING WATER CORP,SAN FRANCISCO,750,750,0,37.73836,-122.40196
94134SCHLG2401B,1,SCHLAGE LOCK CO,SAN FRANCISCO,1165,1165,0,37.71114,-122.4036
94303CRYST1060E,1,GOOCH & HOUSEGO (PALO ALTO) LLC,SANTA CLARA,7405,7405,0,37.43189,-122.10826
94303DVLLY844EA,1,ADVALLOY INC,SAN MATEO,12508,12508,0,37.42197,-122.1033
94303FRDRS3825F,2,SPACE SYSTEMS/LORAL LLC B4,SANTA CLARA,18700,5900,12800,37.42779,-122.10427
94303LZCRP2575H,1,ALZA CORP,SANTA CLARA,9550,250,9300,37.418347,-122.149116
94303SMXXX2536P,1,ASM,SAN MATEO,750,750,0,37.47533,-122.1319
94303SNDZC1990B,3,CATALYTICA BAY VIEW INC,SAN MATEO,6050,750,5300,37.47359,-122.12983
94303VRNSS611HA,7,VARIAN MEDICAL SYSTEMS,SANTA CLARA,66750,29250,37500,37.41727,-122.14123
94304BCKMN1050P,1,BECKMAN INSTRUMENTS INC,SANTA CLARA,22000,22000,0,37.41888,-122.14564
94304HWLTT1501P,4,HEWLETT-PACKARD CO STANFORD PARK DIV,SANTA CLARA,53340,53000,340,37.41297,-122.15034
94304NTNLS4001M,1,NATIONAL SEMICONDUCTOR CORP,SANTA CLARA,270,30,240,37.40023,-122.13734
94304QLTYT3400H,4,QUALITY TECH,SANTA CLARA,1715,250,1465,37.40347,-122.14605
94304SYNTX3401H,1,SYNTEX USA INC,SANTA CLARA,16000,0,16000,37.39715,-122.14387
94304VRNMG601CA,4,LITTON ELECTRON DEVICES,SANTA CLARA,19750,16950,2800,37.42383,-122.14688
94304WTKNS3333H,2,WATKINS JOHNSON CO,SANTA CLARA,13000,10200,2800,37.40675,-122.14536
94306HWLTT395PA,2,HEWLETT-PACKARD CO PALO ALTO FABRICATION CTR,SANTA CLARA,41800,41800,0,37.42518,-122.14014
94402WYNHR910SA,1,WAYNE HERZOG ENGRAVING INC,SAN MATEO,250,0,250,37.56669,-122.30987
94509DPNTN6000B,10,DU PONT ANTIOCH WORKS,CONTRA COSTA,756236,26716,729520,38.013151,-121.745763
94509GYLRD1779W,1,GAYLORD CONTAINER CORP,CONTRA COSTA,250,0,250,38.01234,-121.77595
94509KRLYGWILLO,1,HICKSON KERLEY INC,CONTRA COSTA,36880,0,36880,37.99856,-121.76912
94509MPRLW1701W,1,KEMWATER NA ANTIOCH PLANT,CONTRA COSTA,250,0,250,38.01234,-121.77851
94510HNTWY3001P,5,HUNTWAY REFINING CO,SOLANO,5577,5259,318,38.0634,-122.1353
94510NTDFB4280I,1,UNITED FIBERS,SOLANO,5,0,5,38.07558,-122.12775
94510SPKLT5000E,2,SPARKLETTS WATER SYSTEMS AQUA VEND,SOLANO,500,500,0,38.08236,-122.14005
94510XXNCS3400E,18,VALERO REFINING CO-CALI FORNIA BENICIA REFINERY,SOLANO,1225993,272685,953308,38.07167,-122.13975
94518SYSTR2700S,3,SYSTRON DONNER,CONTRA COSTA,1250,0,1250,37.96473,-122.02934
94520DLXCH2550S,1,DELUXE CHECK PRINTERS INC,CONTRA COSTA,10829,0,10829,37.98582,-122.04835
94525CLFRN830LO,1,C&H SUGAR CO INC.,CONTRA COSTA,250,250,0,38.0571,-122.2195
94533BLLPC2400H,5,BALL METAL BEVERAGE CONTAINER CORP,SOLANO,191385,187466,3919,38.27793,-121.97399
94533MRCNN2433C,1,ARDAGH METAL BEVERAGE USA INC  RE: FAIRFIELD PLANT,SOLANO,12597,8110,4487,38.27476,-121.9839
94533NHSRB3101B,2,ANHEUSER-BUSCH LLC - FAIRFIELD BREWERY,SOLANO,12006,12000,6,38.23906,-122.09023
94533THCLR2600H,1,CLOROX MANUFACTURING CO,SOLANO,5,5,0,38.28048,-121.970959
94536MCHMP37899,3,HENKEL CORP PARKER+AMCHEM,ALAMEDA,34,34,0,37.57549,-121.97438
94538BRDNN41100,6,MOMENTIVE SPECIALTY CHEMICALS INC,ALAMEDA,80083,55530,24553,37.5095,-121.98866
94538GLBLP44620,1,GLOBAL PLATING INC,ALAMEDA,60,10,50,37.50216,-121.95202
94538NWNTD45500,18,TESLA INC,ALAMEDA,1875450,8500,1866950,37.49629,-121.94826
94538SGTMG47050,5,SEAGATE TECHNOLOGY LLC,ALAMEDA,15207,14207,1000,37.48466,-121.93216
94538TRNDC44358,3,BAY AREA CIRCUITS INC,ALAMEDA,1102,852,250,37.50669,-121.94623
94538TRVLL41099,6,CROWN CORK & SEAL CO INC,ALAMEDA,119502,114216,5286,37.51099,-121.99092
94539PPLCM48105,1,APPLE COMPUTER INC,ALAMEDA,41500,2100,39400,37.47401,-121.92049
94540BTRCHBURBA,5,UNITED CAN CO,ALAMEDA,75392,49042,26350,37.666781,-122.094358
94540RYNLD2425W,3,BALL METAL BEVERAGE CONTAINER CORP,ALAMEDA,260093,213073,47020,37.60649,-122.06133
94544CMFBR29240,2,ACME FIBERGLASS INC,ALAMEDA,18900,16200,2700,37.62942,-122.05546
94544DVSWL31775,3,DAVIS WIRE CORP,ALAMEDA,55353,55353,0,37.61103,-122.04499
94544GRTWS31760,2,FOAMEX INTL,ALAMEDA,72527,0,72527,37.61066,-122.04502
94544HCKRY30955,3,HICKORY SPRINGS OF CALIFORNIA INC,ALAMEDA,111950,0,111950,37.61346,-122.04836
94544JTBKRPOBOX,6,J T BAKER INC,ALAMEDA,5050,1500,3550,37.61143,-122.0457
94544MDLND31500,5,ENGINEERED POLYMER SOLUTIONS INC. D/B/A VALSPAR COATINGS,ALAMEDA,6500,3250,3250,37.61368,-122.04612
94544NNCRB31086,1,UNION CARBIDE CORP,ALAMEDA,9,6,3,37.61011,-122.05102
94545CNTNN24493,5,WHITE CAP INC PLANT 144,ALAMEDA,35284,15915,19369,37.64208,-122.11985
94545DGSSG25932,1,ELAMET TECHNOLOGIES INC,ALAMEDA,55000,55000,0,37.62942,-122.1162
94545DHSVS25817,1,HENKEL CORP,ALAMEDA,500,500,0,37.6318,-122.11972
94545LCTRP2436A,1,ELECTRO PLATING SPECIALTIES INC,ALAMEDA,250,250,0,37.64679,-122.12709
94545NRTNN1833S,1,NORTON INDUSTRIES INC,ALAMEDA,63958,0,63958,37.65887,-122.13314
94545NTNLF1841N,1,NATIONAL FABTRONIX INC,ALAMEDA,14400,0,14400,37.64961,-122.12207
94545PHTML2437R,3,PHOTO MILLING INC,ALAMEDA,1005,500,505,37.64777,-122.13938
94545RHMND25500,9,ROHM & HAAS CHEMICALS LLC,ALAMEDA,2379,1717,662,37.628889,-122.127222
94545THHRR25450,1,HERRICK CORP,ALAMEDA,250,250,0,37.63393,-122.11974
94547PCFCROLDHI,10,PACIFIC REFINING CO,CONTRA COSTA,57325,55752,1573,38.031841,-122.275217
94550BSHPN500NG,1,BISHOP INDUSTRIES INC,ALAMEDA,1893,750,1143,37.70712,-121.69719
94550HXCLC10TRE,2,HEXCEL CORP,ALAMEDA,82500,16100,66400,37.691197,-121.744529
94550JHNSN6383V,1,JOHNSON CONTROLS INC,ALAMEDA,29000,0,29000,37.70484,-121.71532
94550NTLCR250NO,4,INTEL CORP FAB 3,ALAMEDA,27500,250,27250,37.693616,-121.746177
94553MNSNT1778M,2,MECS INC,CONTRA COSTA,750,500,250,38.02342,-122.053723
94553SHLLL3485P,16,SHELL OIL PRODUCTS US-MARTINEZ REFINERY,CONTRA COSTA,288174,92124,196050,38.016594,-122.115392
94553STFFR100MO,3,ECO SERVICES OPERATIONS CORP,CONTRA COSTA,40251,23885,16366,38.034722,-122.112778
94553TSCCRAVONR,29,TESORO REFINING & MARKETING CO LLC,CONTRA COSTA,1174505,425925,748580,38.0251,-122.0639
94559SWYRF68COO,1,SAWYER OF NAPA,NAPA,1990,1241,749,38.28748,-122.28704
94560BRNBL8333E,7,BARON-BLAKESLEE,ALAMEDA,36000,20350,15650,37.52261,-122.04832
94560BTPRD8240E,1,C & C INDUSTRIES,ALAMEDA,3242,3242,0,37.52239,-122.04582
94560CCNDS8040W,2,C & C INDUSTRIES,ALAMEDA,9445,8695,750,37.52371,-122.04492
94560FMCCR8787E,1,FMC CORP,ALAMEDA,7390,0,7390,37.52079,-122.05367
94560HBFLL6925C,2,H B FULLER CO,ALAMEDA,19900,3900,16000,37.52418,-122.02945
94560NCLCH6800R,3,ROHM & HAAS DELAWARE VALLEY INC NEWARK,ALAMEDA,2246,2246,0,37.527001,-122.021994
94560NTRNT38083,1,INTERNATIONAL PAPER CO,ALAMEDA,1000,750,250,37.52627,-122.0209
94560TYCMP6600S,2,OATEY CO,ALAMEDA,2744,0,2744,37.52339,-122.01982
94564MRCNN6590C,4,PECHINEY PLASTIC PACKAGING  PPNC,ALAMEDA,52632,37632,15000,37.52694,-122.02723
94565CMSTL761PO,1,ACME PACKAGING CORP  BAY POINT,CONTRA COSTA,250,0,250,38.03593,-121.96047
94565CNTNN1300L,1,CONTINENTAL FOOD PKG PLANT # 469,CONTRA COSTA,22451,18310,4141,38.0183,-121.8577
94565CRTRN2850W,4,CRITERION CATALYSTS & TECHNOLOGIES LP PITTSBURG,CONTRA COSTA,17330,750,16580,38.028333,-121.943056
94565DWCHMFOOTO,21,DOW CHEMICAL CO,CONTRA COSTA,404774,45359,359415,38.023129,-121.855352
94565GNRLCNICHO,11,CHEMTRADE WEST US LLC,CONTRA COSTA,29202,11223,17979,38.047429,-121.986245
94565MPRLW1401L,1,KEMWATER NA PITTSBURG PLANT,CONTRA COSTA,250,0,250,38.01801,-121.85782
94565NNCRB2000L,1,UNION CARBIDE INDUSTRIAL GASES INC,CONTRA COSTA,67,67,0,38.01283,-121.86399
94565NRTHM1555N,1,NORTH AMERICAN REFRACTORIES CO,CONTRA COSTA,113,113,0,38.026722,-121.914423
94565SNCFB701WI,2,SONOCO FIBRE DRUM INC,CONTRA COSTA,28395,27045,1350,38.02947,-121.90151
94565SSPSCPOBOX,7,USS-POSCO INDUSTRIES,CONTRA COSTA,74480,72600,1880,38.027981,-121.872765
94565THDXT2850W,1,HENKEL CORP,CONTRA COSTA,500,250,250,38.02676,-121.94571
94566KSRLM6177S,2,KAISER ALUMINUM & CHEMICAL CORP,ALAMEDA,1000,500,500,37.642056,-121.88181
94566NDXNC5555S,1,CREANOVA INC,ALAMEDA,59,0,59,37.64887,-121.88082
94572NCLSNOLDHI,15,PHILLIPS 66 SAN FRANCISCO REFINERY,CONTRA COSTA,193668,89230,104438,38.0436,-122.2532
94572TSCSF2101F,1,PHILLIPS 66 CARBON PLANT,CONTRA COSTA,121000,0,121000,38.01592,-122.23716
94574BRNGR2000M,1,BERINGER VINEYARDS,NAPA,250,250,0,38.510413,-122.478942
94577CCCLB14655,1,COCA-COLA BOTTLING CO OF CALIFORNIA,ALAMEDA,4000,4000,0,37.69591,-122.16408
94577CNTNN1951F,3,CROWN BEVERAGE PACKAGING INC PLANT #481,ALAMEDA,22244,14279,7965,37.70284,-122.16964
94577CRNND2451P,3,FXI INC,ALAMEDA,626750,750,626000,37.709895,-122.190609
94577GRDCL2661A,1,THOMAS OUTDOOR LIGHTING,ALAMEDA,3600,3600,0,37.7098,-122.155
94577HRBRN1900M,1,HARBOR UNIVERSAL INC,ALAMEDA,20704,35,20669,37.70791,-122.17284
94577MDRNM111SA,3,MODERN MODE INC,ALAMEDA,46000,0,46000,37.731598,-122.169952
94577MRCNN2050W,3,AMERICAN NATIONAL CAN CO,ALAMEDA,135588,71362,64226,37.70965,-122.17895
94577PRCSN414HE,2,PCC STRUCTURALS-SAN LEANDRO,ALAMEDA,23500,23250,250,37.72262,-122.19259
94577RVPCF2424M,6,AERVOE-PACIFIC CO INC,ALAMEDA,4500,3000,1500,37.70684,-122.1697
94577SCNCM2756A,4,US CAN CO SAN LEANDRO PLANT #3,ALAMEDA,8400,4300,4100,37.70897,-122.15444
94577SMLBN835FR,5,BINGHAM CO,ALAMEDA,2250,0,2250,37.70401,-122.14891
94577TRNGL1930F,1,TRIANGLE COATINGS INC,ALAMEDA,500,250,250,37.70305,-122.16914
94577WRGRC2140D,3,"W.R. GRACE & CO. - CONN., DAREX",ALAMEDA,5850,3510,2340,37.71685,-122.18547
94587CLNRS33100,2,CLEANERS HANGER CO,ALAMEDA,14250,14250,0,37.60055,-122.04043
94587CNTNN33280,4,CROWN BEVERAGE PACKAGING INC,ALAMEDA,279750,42750,237000,37.598482,-122.037941
94587CPNRG34400,2,PHIBRO-TECH INC,ALAMEDA,2109,2109,0,37.59109,-122.01042
94587DSTNC1205A,2,DESOTO INC,ALAMEDA,331,26,305,37.602101,-122.033442
94587NTDST1295W,1,US PIPE & FOUNDRY CO LLC,ALAMEDA,1000,750,250,37.60599,-122.04237
94587RCNCR1570A,2,ORCON CORP,ALAMEDA,62100,500,61600,37.60215,-122.04221
94589CRSNS501GR,5,ICI RESINS US,SOLANO,1974,970,1004,38.19524,-122.26552
94590DGSSL403RY,2,TIMET,SOLANO,60,0,60,38.09162,-122.25043
94601BWNRT3100E,3,CLEVELAND STEEL CONTAINER CORP,ALAMEDA,40900,29612,11288,37.77567,-122.22779
94601DLMNT3100E,3,CALIFORNIA / WASHINGTON CAN CORP,ALAMEDA,71996,50860,21136,37.773721,-122.228733
94601PCFCG71546,1,PACIFIC GALVANIZING INC,ALAMEDA,250,250,0,37.766158,-122.217597
94601SPSTP2904C,3,ESPOSITO PLATING & POLISHING CO,ALAMEDA,750,750,0,37.77336,-122.23292
94603FLSCH92198,1,FLEISCHMANN'S YEAST,ALAMEDA,21100,21100,0,37.73973,-122.17908
94603NBSCB92198,1,NABISCO INC FLEISCHMANN'S CO,ALAMEDA,6877,6877,0,37.73972,-122.17907
94603NTNLR7200L,2,NATIONAL AIRMOTIVE CORP,ALAMEDA,17707,13000,4707,37.73992,-122.21869
94604MRCNN3801E,2,AMERICAN NATIONAL CAN CO,ALAMEDA,38006,21456,16550,37.77175,-122.22473
94607DCTCM7154T,6,E-D COAT INC.,ALAMEDA,5750,5750,0,37.79995,-122.28191
94607GLBMT18201,1,GLOBE METALS CO,ALAMEDA,250,250,0,37.811279999999996,-122.30203
94607RDSTR13845,1,LESAFFRE YEAST CORP,ALAMEDA,750,750,0,37.803711,-122.293692
94608BRBRY4300E,4,BARBARY COAST STEEL CORP,ALAMEDA,61,0,61,37.841721,-122.298436
94608CHRLS1400P,1,CHARLES LOWE CO CHROMEX DIV,ALAMEDA,500,250,250,37.83087,-122.28746
94608CLRPR14826,1,CLEARPRINT PAPER CO,ALAMEDA,69408,0,69408,37.84865,-122.29312
94608LCTRC1421P,1,ELECTRO-COATINGS INC,ALAMEDA,2400,2400,0,37.83094,-122.28717
94608SHRWN1450S,3,SHERWIN-WILLIAMS CO.,ALAMEDA,5410,5410,0,37.83183,-122.28889
94609CLTCH84131,1,CAL-TECH METAL FINISHING INC,ALAMEDA,250,250,0,37.82118,-122.27452
94621BTSGR8001E,1,BTS GROUP,ALAMEDA,22780,22780,0,37.74009,-122.2017
94621CSPRS10477,2,CASPER'S INDUSTRIES INC,ALAMEDA,11470,11470,0,37.7542,-122.18957
94621MRCNB7825S,1,AB&I FOUNDRY,ALAMEDA,480110,480110,0,37.75002,-122.19409
94621THQKR5625E,1,QUAKER OATS CO,ALAMEDA,250,250,0,37.766462,-122.202335
94621WNSBR8717G,1,OWENS-BROCKWAY GLASS CONTAINER INC PLANT 27,ALAMEDA,250,250,0,37.747848,-122.184504
94621WNSLL3600A,4,OWENS-BROCKWAY GLASS CONTAINER INC - PLANT #20,ALAMEDA,36045,0,36045,37.76824,-122.22724
94662LVRRB12006,1,OLIVER RUBBER CO,ALAMEDA,500,250,250,37.84747,-122.28809
94710CTTRB4THAN,1,BAYER HEALTHCARE PHARMACEUTICALS,ALAMEDA,32750,750,32000,37.858361,-122.295611
94710DSTNC1608F,12,COURTAULDS AEROSPACE,ALAMEDA,21150,16800,4350,37.87284,-122.30155
94710FLNTN750GI,2,FLINT INK CORP,ALAMEDA,1000,500,500,37.878827,-122.304073
94710MRLDP2821T,2,EMERALD PACKAGING INC,ALAMEDA,515000,200000,315000,37.85517,-122.2889
94710NTNLS742GR,3,NATIONAL STARCH & CHEMICAL CO,ALAMEDA,2000,750,1250,37.85461,-122.2959
94710PCFCS1333S,7,PACIFIC STEEL CASTING CO,ALAMEDA,155194,15570,139624,37.8774,-122.30543
94710THPQC801GR,1,PQ CORP,ALAMEDA,500,250,250,37.85487,-122.29459
94710WSTRN12256,1,WESTERN ROTO ENGRAVERS INC,ALAMEDA,1050,250,800,37.88067,-122.30174
94801JHNLR7THAN,1,JOHN L ARMITAGE & CO,CONTRA COSTA,750,750,0,37.95869,-122.36153
94801MYRSC900BR,2,MYERS CONTAINER CORP,CONTRA COSTA,81250,80000,1250,37.96577,-122.36096
94801STFFR525MA,3,RHONE-POULENC BASIC CHEMICALS CO,CONTRA COSTA,3795,400,3395,37.97589,-122.36696
94802CHVRN576ST,28,CHEVRON RICHMOND TECHNOLOGY CENTER,CONTRA COSTA,24150,4500,19650,37.93047,-122.38944
94802CHVRN841ST,27,CHEVRON PRODUCTS CO RICHMOND REFINERY,CONTRA COSTA,315750,221250,94500,37.938779,-122.396453
94802GNRLC525CA,1,CHEMTRADE WEST US LLC,CONTRA COSTA,750,0,750,37.940278,-122.377222
94802MRWSS1BARR,4,PINOLE POINT STEEL CO COLORSTRIP DIV,CONTRA COSTA,3100,750,2350,37.93843,-122.36889
94804BRDLB32NDA,3,BIO-RAD LABORATORIES INC,CONTRA COSTA,40250,750,39500,37.91481,-122.33916
94804CHVRN835CA,3,CHEVRON CHEMICAL CO,CONTRA COSTA,48526,47094,1432,37.946128,-122.372518
94804CHVRN940HA,5,CHEVRON CHEMICAL CO ORTHO PILOT PLANT,CONTRA COSTA,2250,750,1500,37.9456,-122.36923
94804CHVRN940HE,6,CHEVRON CHEMICAL CO,CONTRA COSTA,185745,185735,10,37.94557,-122.36893
94804CLFRN530S1,2,CALIFORNIA CASTING INC,CONTRA COSTA,1850,925,925,37.92443,-122.35908
94804CMRCS1200S,1,ICI AMERICAS INC WESTERN RESEARCH CENTER,CONTRA COSTA,7,6,1,37.91662,-122.32901
94804CMRCS1415S,2,ZENECA INC RICHMOND AG PLANT,CONTRA COSTA,1104,454,650,37.915288,-122.330001
94804CSTRL801WH,2,SAFETY-KLEEN SYSTEMS INC,CONTRA COSTA,500,500,0,37.91934,-122.374694
94804PCFCR801CH,1,PACIFIC RIM PACKAGING CORP,CONTRA COSTA,20000,4000,16000,37.95475,-122.36133
94804RCCRB731WC,1,LINDE LLC,CONTRA COSTA,27549,27549,0,37.9253,-122.37673
94804RDNTC2800R,3,MAGGYCO INC RADIANT COLOR DIV,CONTRA COSTA,750,750,0,37.97228,-122.36243
94806KPPRS3501C,3,KOPPERS CO INC RICHMOND PLANT,CONTRA COSTA,70569,55400,15169,37.98024,-122.35323
94806SPRXY850MO,3,US PEROXYGEN,CONTRA COSTA,269,257,12,37.98139,-122.357085
94928CLWDD5600S,2,CAL-WOOD DOOR INC,SONOMA,49000,0,49000,38.35672,-122.70929
94953SLPTC1500C,1,SOLA OPTICAL USA INC,SONOMA,58600,44400,14200,38.23412,-122.5942
95002PPLCM600EH,1,APPLE COMPUTER INC,SANTA CLARA,9580,480,9100,37.2943,-121.93946
95008DLXCH1551D,1,DELUXE CHECK PRINTERS INC,SANTA CLARA,20693,7433,13260,37.26378,-121.95666
95008KKMNF1500D,1,K & K MANUFACTURING INC,SANTA CLARA,14065,0,14065,37.26483,-121.95585
95014DGTLQ10500,2,DIGITAL EQUIPMENT CORP,SANTA CLARA,9211,0,9211,37.32987,-122.00904
95014KSRCMNAXXX,1,LEHIGH SOUTHWEST CEMENT CO,SANTA CLARA,25,10,15,37.3181,-122.091
95020BLDNM6200E,1,BOLIDEN METECH INC WESTERN DIV,SANTA CLARA,750,0,750,36.98989,-121.55472
95020GLRYF1350P,2,GILROY FOODS INC,SANTA CLARA,48775,1000,47775,37.0032,-121.53963
95020SCNTF8100C,4,SCIENTIFIC GAMES INTL,SANTA CLARA,2500,1500,1000,37.01885,-121.56013
95035CKPNT201SI,1,COOK COMPOSITES & POLYMERS CO,SANTA CLARA,1467,520,947,37.43159,-121.88765
95035DMNTC304TU,5,DOMAIN TECH,SANTA CLARA,72579,61271,11308,37.42623,-121.89835
95035DMNTC690GI,1,AMC SUBSTRATES INC,SANTA CLARA,30000,30000,0,37.41693,-121.88897
95035JNSCH985MO,6,JONES CHEMICALS INC,SANTA CLARA,2502,1500,1002,37.41448,-121.8845
95035KMGNC487SO,1,KOMAG INC BUILDINGS 2 & 4,SANTA CLARA,730,730,0,37.42683,-121.89209
95035LSLGC1601M,3,LSI LOGIC CORP,SANTA CLARA,11495,0,11495,37.40563,-121.91784
95035PCBNG1478G,1,PCB ENGINEERING INC,SANTA CLARA,500,250,250,37.410664,-121.888024
95035RDRTC345LO,3,READ RITE CORP,SANTA CLARA,30080,30080,0,37.42941,-121.90007
95035SLCTR2001F,1,MMC TECHNOLOGY INC.,SANTA CLARA,50500,50500,0,37.40103,-121.89274
95035SLCTR678SO,1,SOLECTRON CORP EASD & QSD,SANTA CLARA,6000,6000,0,37.424534,-121.891074
95035SLCTR901WR,1,"SOLECTRON CORP, EASD",SANTA CLARA,14200,14200,0,37.42803,-121.88908
95035SRRCH1001Y,1,SCOTTS-SIERRA HORTICULTURAL PRODS CO INC,SANTA CLARA,10,0,10,37.42439,-121.88766
95035XCRNC851BU,1,XICOR INC,SANTA CLARA,2216,2216,0,37.40655,-121.91547
95050CNTNR2500D,2,CONTAINER CORP OF AMERICA FOLDING CARTON DIV,SANTA CLARA,56000,28000,28000,37.36696,-121.94145
95050LSLGC3115A,5,LSI LOGIC CORPORATION,SANTA CLARA,16063,0,16063,37.37859,-121.9586
95050NSHCM365RE,2,STORMEDIA INC,SANTA CLARA,8650,8650,0,37.3612,-121.93767
95050PRCSN1500S,8,ANALOG DEVICES INC SANTA CLARA SITE,SANTA CLARA,19259,9345,9914,37.37624,-121.95591
95050RTSNS999MA,1,ARTISANS OF CA INC,SANTA CLARA,17800,0,17800,37.36623,-121.95179
95050SGMCR393MA,3,TTM TECHNOLOGIES-SANTA CLARA,SANTA CLARA,750,750,0,37.36263,-121.93983
95050SNTCL1773G,2,SANTA CLARA PLATING CO INC,SANTA CLARA,1462,1462,0,37.358639,-121.944263
95050TCHNC1000W,4,TECHNICAL COATINGS CO  SANTA CLARA,SANTA CLARA,20505,5,20500,37.3698,-121.95252
95050TNDYM1600M,1,TANDY MAGNETIC MEDIA,SANTA CLARA,2650,250,2400,37.36474,-121.95644
95050WNSCR960CE,3,OWENS CORNING SANTA CLARA PLANT,SANTA CLARA,76754,753,76001,37.37431,-121.95348
95050XDXCR5440P,3,XIDEX CORP,SANTA CLARA,62750,16250,46500,37.41017,-121.98478
95050ZYCNC3033S,4,ZYCON CORP,SANTA CLARA,1000,0,1000,37.37726,-121.96135
95051DYNCR2919S,5,DYNA-CRAFT INC,SANTA CLARA,2250,1250,1000,37.37476,-121.9977
95051NTRSL3250S,2,HARRIS/INTERSIL INC,SANTA CLARA,14000,12500,1500,37.37963,-121.9717
95051PNNSL2964C,1,PENINSULA CIRCUIT BOARDS INC,SANTA CLARA,250,250,0,37.37493,-121.98786
95051SRRSM2920S,2,SIERRA SEMICONDUCTOR,SANTA CLARA,500,0,500,37.37476,-121.9977
95051ZYCNC2981C,5,ZYCON CORP,SANTA CLARA,1250,0,1250,37.37525,-121.9926
95052HWLTT5301S,2,AGILENT TECHNOLOGIES INC,SANTA CLARA,12200,250,11950,37.32311,-121.99681
95052MMRXC1200M,3,"MEMOREX TECHNOLOGIES INC, TAPE PLANT",SANTA CLARA,83870,17218,66652,37.36254,-121.95304
95052NSYSP2300C,1,"SEQUEL INC, PERIPHERALS GROUP",SANTA CLARA,30500,29400,1100,37.37419,-121.9643
95052NSYSR1500M,3,UNISYS CORP RMCD,SANTA CLARA,146900,63600,83300,37.36324,-121.95578
95052NTLCR3065B,2,INTEL CORP SC1/2,SANTA CLARA,500,0,500,37.37704,-121.97766
95052NTLCR3601J,6,INTEL CORP D2 FACILITY,SANTA CLARA,78720,0,78720,37.383346,-121.965385
95052NTNLS2900S,14,NATIONAL SEMICONDUCTOR CORP,SANTA CLARA,94300,14750,79550,37.375281,-121.9989
95054CRXXC3391K,2,CIREXX CORP,SANTA CLARA,1000,1000,0,37.38198,-121.94852
95054GGMRP2175M,7,VAREX IMAGING,SANTA CLARA,9750,2250,7500,37.38875,-121.96323
95054LCTRG3001C,1,ELECTROGLAS,SANTA CLARA,6600,1980,4620,37.3763,-121.97255
95054NMTLF2262C,1,NU-METAL FINISHING INC,SANTA CLARA,250,250,0,37.41013,-121.96474
95054RPRDC1515N,1,AIR PRODUCTS MANUFACTURING CORP,SANTA CLARA,2,0,2,37.38466,-121.95694
95054SLCNX2201L,1,SILICONIX INC,SANTA CLARA,153,0,153,37.38404,-121.96424
95054VNTKN3175B,3,HEWLETT-PACKARD CO,SANTA CLARA,3452,0,3452,37.37847,-121.97766
95054VRNSS3560B,3,INTEVAC INC,SANTA CLARA,37660,500,37160,37.38518,-121.95257
95054WDMDC5101L,1,W D MEDIA CORP,SANTA CLARA,54500,54500,0,37.40679,-121.96662
95060SLZLT1040R,2,SALZ LEATHERS INC,SANTA CRUZ,37250,250,37000,36.98674,-122.03015
95060VTXPC511SW,1,VI TEX PACKAGING INC,SANTA CRUZ,10932,2733,8199,36.95703,-122.0487
95066SCTTS66ELP,1,SCOTTS VALLEY CIRCUITS,SANTA CRUZ,136,136,0,37.054895,-122.008322
95066SGTTC920DI,2,SEAGATE TECH INC,SANTA CRUZ,87700,45000,42700,37.04612,-122.0151
95066WTKNS440KI,2,WATKINS-JOHNSON CO SCOTTS VALLEY PLANT,SANTA CRUZ,22873,15331,7542,37.051111,-122.029028
95076HDCCR78HAN,2,HADCO TECH CENTER W,SANTA CRUZ,500,500,0,36.92694,-121.79086
95076MTKPC1715W,4,INDALEX INC -WATSONVILLE,SANTA CRUZ,25695,21995,3700,36.89651,-121.77935
95076PLLSB735WE,1,PILLSBURY CO GREEN GIANT,SANTA CRUZ,15000,15000,0,36.90456,-121.76846
95076SPCTR100WE,1,SPECTRA-MAT INC,SANTA CRUZ,63063,63063,0,36.921778,-121.791528
95103FMCCR1125C,10,UNITED DEFENSE LP GROUND SYSTEMS DIV,SANTA CLARA,215473,87961,127512,37.35225,-121.92364
95112BRKND2250S,3,BURKE INDUSTRIES INC,SANTA CLARA,78031,78031,0,37.30804,-121.85421
95112CRDNL890CO,1,CARDINAL INDUSTRIAL FINISHES INC,SANTA CLARA,250,0,250,37.365868,-121.888574
95112HRSMT439RE,1,HARO'S METAL FINISHING INC,SANTA CLARA,96,96,0,37.371053,-121.90776
95112MCRMT1695M,5,MICRO METALLICS CORP,SANTA CLARA,5631,3881,1750,37.31105,-121.86876
95112SCLLL520PA,4,US CELLULOSE ALTERNATIVE MATERIALS TECHNOLOGY INC,SANTA CLARA,2500,1000,1500,37.3079,-121.85117
95116MRSSM475EG,1,EGGO CO,SANTA CLARA,250,250,0,37.356611,-121.872222
95120BMRSR650HA,2,IBM RESEARCH DIV ALMADEN RESEARCH,SANTA CLARA,500,500,0,37.20153,-121.82859
95125GLSFR271BA,2,GLASFORMS INC,SANTA CLARA,102000,0,102000,37.30668,-121.87541
95125LLYHR441PE,1,NITREX INC,SANTA CLARA,6700,0,6700,37.29885,-121.87186
95126CRNNC490RA,3,ACRIAN INC,SANTA CLARA,1001,750,251,37.31903,-121.9111
95126CRRYT1297P,1,GSS ARRAY TECH INC,SANTA CLARA,43000,43000,0,37.31673,-121.90944
95131CNNRP2221O,1,OSE USA INC,SANTA CLARA,45755,45755,0,37.21517,-121.86405
95131CNNRP2720O,1,CONNER PERIPHERALS INC,SANTA CLARA,4335,4335,0,37.38854,-121.93416
95131HLLBR410CH,1,HILL BROTHERS CHEMICAL CO,SANTA CLARA,500,250,250,37.382,-121.913889
95131HWLTT350WT,10,AGILENT TECHS,SANTA CLARA,20500,9150,11350,37.38238,-121.93517
95131HYLCT960RI,1,HOYA CORP USA,SANTA CLARA,5105,720,4385,37.39726,-121.90949
95131MGTST880FO,1,MEGATEST CORP,SANTA CLARA,16894,6758,10136,37.38724,-121.90285
95131SQTCH1849F,1,MICREL LLC,SANTA CLARA,750,0,750,37.40093,-121.89527
95131STRGT575DA,2,STORAGETEK MEDIA CORP,SANTA CLARA,20899,1159,19740,37.38818,-121.91326
95131VLSTC1109M,6,PHILIPS SEMICONDUCTORS - VLSI,SANTA CLARA,2750,1500,1250,37.38892,-121.89348
95131XCLMC2150C,1,ROHM CORP COMMERCE FACILITY,SANTA CLARA,300,0,300,37.39438,-121.88861
95133CLBNC640LE,3,"ECOLAB, INC.",SANTA CLARA,2463,541,1922,37.36182,-121.86824
95133DPNCX520MA,1,DAP INC,SANTA CLARA,250,250,0,37.35728,-121.86913
95133QZTCR615NK,3,HURRELL LENOIR CITY INC,SANTA CLARA,129100,125000,4100,37.36356,-121.86625
95134CYPRS3901N,5,CYPRESS SEMICONDUCTOR SAN JOSE,SANTA CLARA,5955,5455,500,37.41265,-121.95005
95134KSRLC2701O,1,ROCKWELL COLLINS DISPLAY SYSTEMS,SANTA CLARA,22572,22572,0,37.38631,-121.93305
95134LCKHD45PLU,1,LOCKHEED MISSILES & SPACE CO INC,SANTA CLARA,5600,1400,4200,37.39052,-121.933475
95134LRLRLONERI,1,LORAL ROLM MILL  SPEC CORP,SANTA CLARA,14943,14943,0,37.40108,-121.94154
95134MXTRC150RI,1,MAXTOR CORP,SANTA CLARA,17000,17000,0,37.40336,-121.936807
95134MXTRC211RI,1,MAXTOR CORP,SANTA CLARA,22000,22000,0,37.40425,-121.93086
95134SPCTR3333N,1,SPECTRA PHYSICS INC,SANTA CLARA,12000,5000,7000,37.40193,-121.9396
95136STHBY35113,6,SOUTH BAY CIRCUITS INC,SANTA CLARA,3750,2750,1000,37.27772,-121.852673
95150CNVRG2700N,1,UNISYS CORP,SANTA CLARA,15000,5000,10000,37.38917,-121.93002
95150RCTGR696ET,2,QUEBECOR PRINTING SAN JOSE INC,SANTA CLARA,413749,153488,260261,37.39069,-121.916717
95161NTDTCPOBOX,5,UNITED TECHNOLOGIES CORP P&W SPACE PROPULSION,SANTA CLARA,833087,66691,766396,37.23539,-121.68338
95193BMXXX5600C,10,HGST INC,SANTA CLARA,1518421,1339431,178990,37.24737,-121.79465
95401HWLTT1412F,2,KEYSIGHT TECHNOLOGIES INC,SONOMA,154140,154140,0,38.483229,-122.712621
95403SNTRS1400A,2,SANTA ROSA STAINLESS STEEL,SONOMA,648,648,0,38.51111,-122.78995
95407CLXXX2789N,5,OPTICAL COATING LABORATORY INC,SONOMA,74850,47350,27500,38.41597,-122.75023
95425MGMBR1184S,1,MGM BRAKES,SONOMA,21200,19000,2200,38.784,-123.0109
95476SBSTN3894T,1,"SEBASTIANI VINEYARDS INC, SONOMA CASK CELLARS",SONOMA,250,250,0,38.293084,-122.449582
95620SMPLT7235T,2,SIMPLOT SOILBUILDERS,SOLANO,23697,250,23447,38.49587,-121.77783
95688MRCNHCROCK,1,INTERNATIONAL HOME FOODS INC,SOLANO,750,0,750,38.40583,-121.94743
