SAMPLE     SITE# ,,LOCATION DESCRIPTION,GPS X,GPS Y,DATE,TIME,ASPECT,SLOPE,ELEVATION,VEGETATION,WEATHER,EXPOSURE,AMBNT ,    SOIL,,   MOIST,     CO2%,
,,,,,,,,,,,,,,,,,,
,,MARBLE MTNS - TRIP 1,,,,,,,,,,,,,,,,
P-1,A,lower campsite meadow,,,5/19/1997,10am,,0,,grass,clear,sunny,,9.8 c,9.8,4,0.11,
P-2,A,lower campsite meadow,,,5/19/1997,10am,,0,,grass,clear,sunny,,9.8 c,9.8,,0.57,
P-3,5,meadow above station,,,5/19/1997,10:45am,,0,5820,grass,clear,sunny,,11.3 c,11.3,,1.43,
P-4,5,meadow above station,,,5/19/1997,10:45am,,0,5820,grass,clear,sunny,,11.3 c,11.3,,0.4,
P-5,6,red fir forest,,,5/19/1997,11:00am,175 mag.,9.5,,redfir conifers,clear,shade,,8.2 c,8.2,,0.48,
P-6,6,red fir forest,,,5/19/1997,11:00am,175 mag.,9.5,,redfir conifers,clear,shade,,8.2 c,8.2,,0.41,
P-7,11,skunk hollow fissure,,,5/19/1997,11:15am,0 mag.,0,,mixed grass/flowers,clear,sunny,,4.5 c,4.5,,0.3,
P-8,11,skunk hollow fissure,,,5/19/1997,11:15am,0 mag.,0,,mixed grass/flowers,clear,sunny,,4.5 c,4.5,,0.31,
P-9,B,trail junction/alder grove,,,5/19/1997,12pm,,,,"grass, near alder grove",clear,shade,,7.6 c,7.6,,0.48,
P-10,B,trail junction/alder grove,,,5/19/1997,12pm,,,,"grass, near alder grove",clear,shade,,7.6 c,7.6,,0.54,
P-11,C,"split log, under tree",,,5/19/1997,12:15pm,,,,"grass, conifers",clear,shade,,10.7 c,10.7,,1.2,
P-12,C,"split log, under tree",,,5/19/1997,12:15pm,,,,"grass, conifers",clear,shade,,10.7 c,10.7,,0.68,
P-13,C,"split log, grass clearing",,,5/19/1997,12:20pm,,,,grass,clear,sunny,,12.5 c,12.5,,1.09,
P-14,C,"split log, grass clearing",,,5/19/1997,12:20pm,,,,grass,clear,sunny,,12.5 c,12.5,,1.36,
,,,,,,,,,,,,,,,,,,
,,MARBLE MTNS - TRIP 2,,,,,,,,,,,,,,,,
Q-1,C,"split log, under tree",,,6/6/1997,10am,,,,"grass, conifers",clear,shade,,48 f,8.9,25,0.64,
Q-2,C,"split log, under tree",,,6/6/1997,10am,,,,"grass, conifers",clear,shade,,48 f,8.9,25,1.46,
Q-3,C,"split log, grass clearing",,,6/6/1997,10am,,,,grass,clear,,,50 f,10.0,95,2.53,
Q-4,C,"split log, grass clearing",,,6/6/1997,10am,,,,grass,clear,,,50 f,10.0,95,1.58,
Q-5,B,trail junction/alder grove,,,6/6/1997,10:30am,,,,"grass, near alder grove",clear,shade,,46 f,7.8,45,0.54,
Q-6,B,trail junction/alder grove,,,6/6/1997,10:30am,,,,"grass, near alder grove",clear,shade,,46 f,7.8,45,bad sample,
Q-7,B,trail junction/alder grove,,,6/6/1997,10:40am,,,,"grass, near alder grove",clear ,sunny,,51 f,10.6,39,0.37,
Q-8,B,trail junction/alder grove,,,6/6/1997,10:40am,,,,"grass, near alder grove",clear,sunny,,51 f,10.6,39,0.5,
Q-9,A,lower campsite meadow,,,6/6/1997,11:00am,,,,grass,clear,sunny,,52 f,11.1,49,0.27,
Q-10,A,lower campsite meadow,,,6/6/1997,11:00am,,,,grass,clear,sunny,,52 f,11.1,49,0.45,
,,,,,,,,,,,,,,,,,,
,,TRANSECT 2/1,,,,#1,,,,,,,,,,,,
,,,,,,,,,,,,,,,,,,
Q-11,2,schist meadow,,,6/6/1997,2:00pm,,,,"grass, Indian hellabore",slight cloud,open,,54 f,,63,0.41,
Q-12,2,schist meadow,,,  6/6/97,2:00pm,,,,"grass, Indian hellabore",slight cloud,open,,59 f,,47,0.56,
Q-13,2,schist meadow,,,6/6/1997,2:00pm,,,,"grass, Indian hellabore",slight cloud,open,,64 f,,44,no vial,
Q-14,3,edge of redfir forest,,,6/6/1997,2:15pm,,,,"grass, redfir close",clear,sunny,,62 f,,26,no vial,
Q-15,3,edge of redfir forest,,,6/6/1997,2:15pm,,,,"grass, redfir close",clear,sunny,,58 f,,27,0.35,
Q-16,4,middle meadow by falls,,,6/6/1997,2:30pm,,,,"grass, redfir close ",clear,sunny,,64 f,,27,0.32,
Q-17,4,middle meadow by falls,,,  6/6/97 ,2:30pm,,,,"grass, redfir close",clear,sunny,,64 f,,49,bad sample,
Q-18,4,middle meadow by falls,,,6/6/1997,2:30pm,,,,"grass, redfir close",clear,sunny,,71 f,,23,bad sample,
Q-19,5,meadow above station,,,6/6/1997,3:30pm,,,,grass,clear,sunny,,64 f ,,45,0.42,
Q-20,5,meadow above station,,,6/6/1997,3:30pm,,,,grass,clear,sunny,,69 f,,28,0.27,
Q-21,5,meadow above station,,,6/6/1997,3:30pm,,,,grass,clear,sunny,,60 f,,42,bad sample,
Q-22,8,station meadow,,,6/6/1997,4:00pm,,,,"grass, Indian hellabore",clear,sunny,,59 f,,82,2.48,
Q-23,8,station meadow,,,6/6/1997,4:00pm,,,,"grass, Indian hellabore",clear,sunny,,59 f,,79,0.18,
Q-24,10,slope below bare marble,,,6/6/1997,4:20pm,,,,"grass, edge of fir grove",clear,sunny,,42 f,,55,0.73,
Q-25,10,slope below bare marble,,,6/6/1997,4:20pm,,,,"grass, edge of fir grove",clear,sunny,,50 f,,40,0.96,
Q-26,7,slope above station,,,6/6/1997,5:00pm ,,,,grass,clear,sunny,,66 f,,93,1.52,
Q-27,7,slope above station,,,6/6/1997,5:00pm ,,,,grass,clear,sunny,,72 f,,85,1.47,
Q-28,7,slope above station,,,6/6/1997,5:00pm ,,,,grass,clear,sunny,,70 f,,85,0.46,
Q-29,6,redfir forest,,,6/6/1997,5:45pm,,,,red fir,clear,sun/shade,,50 f,,67,0.33,
Q-30,6,redfir forest,,,6/6/1997,5:45pm,,,,red fir,clear,sun/shade,,46 f,,72,0.35,
,,,,,,,,,,,,,,,,,,
Q-31,6,redfir forest,,,6/6/1997,10:00pm,,,,red fir,clear,dark,,45.2 f,,66,0.43,
Q-32,8,POPPED (fld stn meadow),,,6/6/1997,10:00pm,,,,"grass, Indian hellabore",clear,dark,,45.2 f,,66,no vial,
Q-33,8,field station meadow,,,6/6/1997,10:20pm,,,,"grass, indian hellabore",clear,dark,,52.8f,,81,3.02,
,,,,,,,,,,,,,,,,,,
,,TRANSECT 2/2,,,,#2,,,,,,,,,,,,
Q-34,2,schist meadow,,,6/7/1997,7:50am,,,,"grass, indian hellabore",clear,sunny,51.8 f,50 f,,77,0.47,
Q-35,2,schist meadow,,,6/7/1997,7:50am,,,,"grass, indian hellabore",clear,sunny,51.8 f,50 f,,77,0.78,
Q-36,2,POPPED (schist meadow),,,,,,,,,,,,48 f,,77,no vial,
Q-37,1,highest marble site,,,6/7/1997,8:15am,169,21,,grass,clear,sunny,45.3 f,51.8 f,,62,0.43,
Q-38,1,highest marble site,,,6/7/1997,8:15am,169,21,,grass,clear,sunny,45.3 f,51.8 f,,62,0.48,
Q-39,1,highest marble site,,,6/7/1997,8:15am,169,21,,grass,clear,sunny,45.3 f,52.5 f,,62,0.46,
Q-40,3,edge of redfir forest,,,6/7/1997,8:45am,162,7,,"grass, redfir close",clear,shade,51.8 f,52 f,,36,0.64,
Q-41,3,edge of redfir forest,,,6/7/1997,8:45am,162,7,,"grass, redfir close",clear,shade,51.8 f,51 f,,44,0.67,
Q-42,4,middle meadow by falls,,,6/7/1997,9:30am,145,5,,"grass, redfir close",clear,sunny,55.2 f,51.9 f,,57,0.42,
Q-43,4,POPPED (mid meadow),,,,,,,,,,,,52.8 f,,57,no vial,
Q-44,4,middle meadow by falls,,,6/7/1997,9:30am,145,5,,"grass, redfir close",clear,sunny,55.2 f,52.8 f,,57,0.44,
Q-45,5,meadow above station,,,6/7/1997,9:55am,105,4.5,,grass,clear,sunny,55.7 f,52.1 f,,51,0.37,
Q-46,5,meadow above station,,,6/7/1997,9:55am,105,4.5,,grass,clear,sunny,55.7 f,none,,37,0.23,
Q-47,5,meadow above station,,,6/7/1997,9:55am,105,4.5,,grass,clear,sunny,55.7 f,53.1 f,,36,0.6,
Q-48,6,POPPED (redfir forest),,,6/7/1997,10:10am,175,9.5,,"redfir, duff",clear,shade,52.3 f,45.1 f,,56,no vial,
Q-49,6,redfir forest,,,6/7/1997,10:10am,175,9.5,,"redfir, duff",clear,shade,52.3 f,45.1 f,,66,0.55,
Q-50,7,slope above station,,,6/7/1997,10:30am,144,20,,grass,clear,sunny,55.8 f,52.6 f,,91,1.4,
Q-51,7,slope above station,,,6/7/1997,10:30am,144,20,,grass,clear,sunny,55.8 f,52.3 f,,91,1.68,
Q-52,7,slope above station,,,6/7/1997,10:30am,144,20,,grass,clear,sunny,55.8 f,51.8 f,,100,bad sample,
Q-53,8,station meadow,,,6/7/1997,10:30am,0,0,,"grass, Indian hellabore",slight cloud,open,50.8 f,50.6 f,,89,3.04,
Q-54,8,station meadow,,,6/7/1997,10:30am,0,0,,"grass, Indian hellabore",slight cloud,open,50.8 f,50.7 f,,94,0.28,
Q-55,9,north facing slope,,,6/7/1997,11:00am,341,13,,"redfir, duff",clear,shade,54.8 f,45.2 f,,55,0.85,
Q-56,9,north facing slope,,,6/7/1997,11:00am,,,,"redfir, duff",clear,shade,54.8 f,46.5 f,,55,0.83,
Q-57,10,base of bare marble,,,6/7/1997,11:30am,0,8,,"redfir, duff, grass",clear,shade,56.5 f,46.2 f,,none,0.49,
Q-58,10,base of bare marble,,,6/7/1997,11:30am,,,,"redfir, duff, grass",clear,shade,56.5 f,47.0 f,,60,bad sample,
Q-59,11,skunk hollow fissure,,,6/7/1997,12:00pm,0,0,,brush,clear,sunny,63.0 f,51.8 f,,67,0.46,
Q-60,11,skunk hollow fissure,,,6/7/1997,12:00pm,,,,brush,clear,sunny,63.0 f,52.0 f,,89,0.32,
,,,,,,,,,,,,,,,,,,
,,TRANSECT 2/3,,,,,,,,,,,,,,,,
,,,,,,,,,,,,,,,,,,
Q-61,1,highest marble site,,,6/7/1997,6:30pm,,,,"redfir, grass",clear,sunny,61.1 f,59.7 f,,58,0.45,
Q-62,1,,,,6/7/1997,6:30pm,,,,,,,61.1 f,59.7 f,,58,0.46,
Q-63,2,schist meadow,,,6/7/1997,6:40pm,,,,"grass, Indian hellabore",clear,sunny,59.0 f,54.3 f,,75,0.84,
Q-64,2,,,,6/7/1997,6:40pm,,,,,,,,55.5 f,,80,0.76,
Q-63 error,3,edge of redfir,,,6/7/1997,6:45pm,,,,"grass, redfir",clear,shade,55.6 f,56.0 f,,50,0.64,
Q-64 error,3,,,,6/7/1997,6:45pm,,,,,,,,55.9 f,,50,0.73,
Q-65,4,middle meadow by falls,,,6/7/1997,6:55pm,,,,"grass, redfir",clear,shade,55.1 f,58.6 f,,60,0.51,
Q-66,4,,,,6/7/1997,6:55pm,,,,,,,,58.7 f,,60,0.55,
Q-67,4,,,,6/7/1997,6:55pm,,,,,,,,60.8 f,,0,0.42,
Q-68,5,meadow above station,,,6/7/1997,7:05pm,,,,grass,clear,shade,54.9 f,59.0 f,,57,0.48,
Q-69,5,,,,6/7/1997,7:05pm,,,,,,,,59.2 f,,35,bad anzlysis,
Q-70,5,,,,6/7/1997,7:05pm,,,,,,,,62.7 f,,36,0.55,
Q-71,6,redfir forest,,,6/7/1997,7:15pm,,,,"redfir, duff",clear,shade,47.6 f,46.1 f,,45,0.41,
Q-72,6,,,,6/7/1997,7:15pm,,,,,,,,46.5 f,,45,0.54,
Q-72 error,7,slope above station,,,6/7/1997,7:20pm,,,,grass,clear,shade,53.2 f,60.4 f,,72,2.08,
Q-73,7,,,,6/7/1997,7:20pm,,,,,,,,62.2 f,,73,1.83,
Q-74,8,station meadow,,,6/7/1997,7:30pm,,,,"grass, Indian hellabore",clear,shade,49.7 f,52.8 f,,92,2.89,
Q-75,8,,,,6/7/1997,7:30pm,,,,,,,,53.5 f,,95,0.45,
Q-75 error,9,north facing slope,,,6/7/1997,7:30pm,,,,"redfir, duff, grass",clear,shade,47.1 f,48.0 f,,66,0.48,
Q-76,9,,,,6/7/1997,7:30pm,,,,,,,,48.8 f,,66,0.74,
Q-77,10,base of bare marble,,,6/7/1997,7:35pm,,,,"redfir, duff, grass",clear,shade,47.5 f,46.7 f,,69,0.83,
Q-78,10,,,,6/7/1997,7:35pm,,,,,,,,48.2 f,,none,0.78,
Q-78 error,11,skunk hollow fissure,,,6/7/1997,7:45pm,,,,brush,clear,shade,54.2 f,52.6 f,,90,0.55,
Q-79,11,,,,6/7/1997,7:45pm,,,,,,,,54.5 f,,90,0.46,
,,,,,,,,,,,,,,,,,,
,,TRANSECT 2/4,,,,,,,,,,,,,,,,
,,recalbtd.mst.meter/was114,,,,,,,,,,,,,,,,
,,now sampelling 22 ml.,,,,,,,,,,,,,,,,
Q-80,1,,,,6/8/1997,7:45am,,,,,clear,shade,38.9 f,50.9 f,,55,0.42,
Q-81,1,,,,6/8/1997,7:45am,,,,,,,,51.9 f,,48,0.32,
Q-82,2,,,,6/8/1997,7:55am,,,,,,sunny,46.5 f,49.5 f,,64,0.77,
Q-83,2,,,,6/8/1997,7:55am,,,,,,,,49.8 f,,70,0.73,
Q-84,3,,,,6/8/1997,8:00am,,,,,,shade,44.1 f,52.8 f,,51,no vial,
Q-85,3,,,,6/8/1997,8:00am,,,,,,sunny,,51.7 F,,51,0.73,
Q-86,4,,,,6/8/1997,8:15am,,,,,,shade,43.6 f,52.2 f,,43,0.53,
Q-87,4,,,,6/8/1997,8:15am,,,,,,,,52.1 f,,46,0.53,
Q-88,4,,,,6/8/1997,8:15am,,,,,,,,54.1 f,,29,0.44,
Q-89,5,,,,6/8/1997,8:25am,,,,,,sunny,46.5 f,51.7 f,,36,0.43,
Q-90,5,,,,6/8/1997,8:25am,,,,,,,,53.0 f,,32,0.24,
Q-91,5,,,,6/8/1997,8:25am,,,,,,,,53.4 f,,35,0.56,
Q-92,5,,,,6/8/1997,8:25am,,,,,,,,53.0 f,,32,0.22,
Q-93,6,,,,6/8/1997,8:40am,,,,,,shade,44.0 f,44.7 f,,58,0.42,
Q-94,6,,,,6/8/1997,8:40am,,,,,,,,45.1 f,,62,0.57,
Q-95,7,,,,6/8/1997,8:45am,,,,,,sunny,45.5 f,51.8 f,,80,1.76,
Q-96,7,,,,6/8/1997,8:45am,,,,,,,,52.6 f,,78,1.45,
Q-97,8,,,,6/8/1997,8:55am,,,,,,sunny,46.2 f,50.6 f,,85,3.21,
Q-98,8,,,,6/8/1997,8:55am,,,,,,,,50.9 f,,94,0.76,
Q-99,9,,,,6/8/1997,9:00am,,,,,,shade,45.3 f,45.4 f,,65,0.54,
Q-100,9,,,,6/8/1997,9:00am,,,,,,,,47.3 f,,45,0.46,
Q-101,10,,,,6/8/1997,9:05am,,,,,,shade,47.5 f,45.4 f,,52,0.88,
Q-102,10,,,,6/8/1997,9:05am,,,,,,,,45.9 f,,63,0.95,
Q-103,11,,,,6/8/1997,9:05am,,,,,,shade,53.9 f,50.7 f,,88,0.51,
Q-104,11,,,,6/8/1997,9:05am,,,,,,,,51.0 f,,97,0.38,
,,,,,,,,,,,,,,,,,,
,,TRANSECT 2/5,,,,,,,,,,,,,,,,
,,,,,,,,,,,,,,,,,,
Q-105,1,,,,6/8/1997,12:05pm,,,,,clear,sunny,62.1 f,52.5 f,,59,0.45,
Q-106,1,,,,6/8/1997,12:05pm,,,,,,,,53.0 f,,45,0.38,
Q-107,2,,,,6/8/1997,12:10pm,,,,,part cloud,sun/shade,57.5 f,50.1 f,,74,0.74,
Q-108,2,,,,6/8/1997,12:10pm,,,,,,,,50.0 f,,77,0.73,
Q-109,3,,,,6/8/1997,12:15pm,,,,,part cloud,sun/shade,57.5 f,52.4 f,,35,0.52,
Q-110,3,,,,6/8/1997,12:15pm,,,,,,,,52.3 f,,43,0.71,
Q-111,4,,,,6/8/1997,12:30pm,,,,,clear,sunny,58.3 f,53.1 f,,65,0.42,
Q-112,4,,,,6/8/1997,12:30pm,,,,,,,,54.1 f,,65,0.46,
Q-113,4,,,,6/8/1997,12:30pm,,,,,,,,55.2 f,,36,0.46,
Q-114,5,,,,6/8/1997,12:40pm,,,,,clear,sunny,60.2 f,53.4 f,,55,0.36,
Q-115,5,,,,6/8/1997,12:40pm,,,,,,,,54.6 f,,32,0.18,
Q-116,5,,,,6/8/1997,12:40pm,,,,,,,,54.4 f,,26,0.47,
Q-117,6,,,,6/8/1997,12:45pm,,,,,clear,shade,52.9 f,44.9 f,,66,0.4,
Q-118,6,,,,6/8/1997,12:45pm,,,,,,,,45.3 f,,63,0.56,
Q-119,7,,,,6/8/1997,12:55pm,,,,,clear,sunny,58.8 f,54.1 f,,77,1.88,
Q-120,7,,,,6/8/1997,12:55pm,,,,,,,,54.9 f,,75,1.6,
Q-121,8,,,,6/8/1997,1:00pm,,,,,clear,sunny,63.8 f,50.3 f,,92,2.97,
Q-122,8,,,,6/8/1997,1:00pm,,,,,,,,50.1 f,,95,0.61,
Q-123,9,,,,6/8/1997,1:05pm,,,,,clear,sunny,61.5 f,45.6 f,,74,0.5,
Q-124,9,,,,6/8/1997,1:05pm,,,,,,,,47.6 f,,63,0.61,
Q-125,10,,,,6/8/1997,1:10pm,,,,,clear,shade,62.9 f,45.3 f,,54,0.77,
Q-126,10,,,,6/8/1997,1:10pm,,,,,,,,45.8 f,,65,0.73,
Q-127,11,,,,6/8/1997,1:15pm,,,,,clear,sunny,60.4 f,51.3 f,,81,0.46,
Q-128,11,,,,6/8/1997,1:15pm,,,,,,,,51.3 f,,89,0.37,
,,,,,,,,,,,,,,,,,,
Q-129,A,,,,6/8/1997,2:05pm,,,,,clear,sunny,65.5 f,55.5 f,,46,1.42,
Q-130,A,,,,6/8/1997,2:05pm,,,,,,,,55.2 f,,59,0.7,
Q-131,B,,,,6/8/1997,4:35pm,,,,,part cloudy,sun/shade,62.9 f,48.7 f,,43,0.8,
Q-132,B,,,,6/8/1997,4:35pm,,,,,,,,47.9 f,,54,0.18,
Q-133,C,under tree,,,6/8/1997,5:25pm,,,,,clear,sunny,66.7 f,48.3 f,,80,bad sample,
Q-134,C,,,,6/8/1997,5:25pm,,,,,,,,47.5 f,,64,1.11,
Q-135,C,grass clearing,,,6/8/1997,5:25pm,,,,,,,,53.7 f,,90,2.26,
Q-136,C,,,,6/8/1997,5:25pm,,,,,,,,54.6 f,,70,2.9,
,,,,,,,,,,,,,,,,,,
,,MARBLE MTNS - TRIP 3,,,,,,,,,,,,,,,,
,,,,,,,,,,,,,,,,,,
,,TRANSECT 3/1,,,,,,,,,,,,,,,,
,,,,,,,,,,,,,,,,,,
R-1,1,,,,6/20/1997,8:20am,,,,,clear,shade,9.2 c,14.3 c,,33,0.35,
R-2,1,,,,6/20/1997,8:20am,,,,,,,,14.3 c,,37,0.39,
R-3,2,,,,6/20/1997,8:30am,,,,now highly vegetated,,veg. shade,12.5 c,12.0 c,,57,0.48,
R-4,2,,,,6/20/1997,8:30am,,,,,,,,12.0 c,,67,bad analysis,
R-5,3,,,,6/20/1997,8:40am,,,,,,shade/tree,11.0 c,14.9 c,,48,0.39,
R-6,3,,,,6/20/1997,8:40am,,,,,,,,13.7 c,,16?,0.52,
R-7,4,,,,6/20/1997,8:55am,,,,,,sunny,13.2 c,13.7 c,,23,0.33,
R-8,4,,,,6/20/1997,8:55am,,,,,,,,14.0 c,,52,0.39,
R-9,4,,,,6/20/1997,8:55am,,,,,,,,15.8 c,,10,0.4,
R-10,5,,,,6/20/1997,9:10am,,,,,,sunny,14.1 c,13.0 c,,36,0.36,
R-11,5,,,,6/20/1997,9:10am,,,,,,,,14.6 c,,30,0.13,
R-12,5,,,,6/20/1997,9:10am,,,,,,,,14.8 c,,24,0.36,
R-13,6,,,,6/20/1997,9:20am,,,,,,shade,10.6 c,8.8 c,,24,0.27,
R-14,6,,,,6/20/1997,9:20am,,,,,,,,9.0 c,,20,0.35,
R-15,7,,,,6/20/1997,9:30am,,,,,,sunny,12.9 c,12.8 c,,37,0.9,
R-16,7,,,,6/20/1997,9:30am,,,,,,,,13.2 c,,43,1.43,
R-17,8,,,,6/20/1997,9:40am,,,,,,shade,11.3 c,12.9 c,,51,3.73,
R-18,8,,,,6/20/1997,9:40am,,,,,,,,12.9 c,,45,1.7,
R-19,9,,,,6/20/1997,9:50am,,,,,,shade,12.1 c,9.8 c,,45,0.42,
R-20,9,,,,6/20/1997,9:50am,,,,,,,,10.4 c,,26,0.38,
R-21,10,,,,6/20/1997,10:00am,,,,,,shade,13.4 c,9.5 c,,58,0.73,
R-22,10,,,,6/20/1997,10:00am,,,,,,,,9.7 c,,60,0.62,
R-23,11,,,,6/20/1997,10:10am,,,,,,shade/sun,16.1 c,13.1 c,,34,0.32,
R-24,11,,,,6/20/1997,10:10am,,,,,,,,13.0 c,,45,0.24,
,,,,,,,,,,,,,,,,,,
R-25,D,doline/bare karst/blw MM,,,6/20/1997,1:20pm,,,,,clear,sunny,17.2 c,9.0 c,,none,0.21,
R-26,D,,,,6/20/1997,1:20pm,,,,,,,,9.0c,,none,0.17,
,,,,,,,,,,,,,,,,,,
,,TRANSECT 3/2,,,,,,,,,,,,,,,,
,,,,,,,,,,,,,,,,,,
R-27,1,,,,6/20/1997,6:40pm,,,,,clear,shade,12.6 c,16.2 c,,39,0.32,
R-28,1,,,,6/20/1997,6:40pm,,,,,,,,16.2 c,,none,0.29,
R-29,2,,,,6/20/1997,6:55pm,,,,,,sun/shade,13.0 c,14.5 c,,64,0.6,
R-30,2,,,,6/20/1997,6:55pm,,,,,,,,14.9 c,,54,0.54,
R-31,3,,,,6/20/1997,7:05pm,,,,,,shade,13.4 c,19.0 c,,35,0.46,
R-32,3,,,,6/20/1997,7:05pm,,,,,,,,15.8 c,,43,0.56,
R-33,4,,,,6/20/1997,7:20pm,,,,,,shade,10.8 c,16.3 c,,35,0.3,
R-34,4,,,,6/20/1997,7:20pm,,,,,,,,16.6 c,,23,0.43,
R-35,4,,,,6/20/1997,7:20pm,,,,,,,,20.5 c,,none,0.37,
R-36,5,,,,6/20/1997,7:40pm,,,,,,shade,10.7 c,18.3 c,,34,0.38,
R-37,5,,,,6/20/1997,7:40pm,,,,,,,,18.3 c,,37,0.11,
R-38,5,,,,6/20/1997,7:40pm,,,,,,,,18.3 c,,42,0.37,
R-39,6,,,,6/20/1997,7:45pm,,,,,,shade,11.0 C,9.1 c,,33,0.18,
R-40,6,,,,6/20/1997,7:45pm,,,,,,,,9.3 c,,33,0.39,
R-41,7,,,,6/20/1997,7:55pm,,,,,,shade,11.0 c,18.6 c,,no reading,1.08,
R-42,7,,,,6/20/1997,7:55pm,,,,,,,,17.3 c,,no reading,1.78,
R-43,8,,,,6/20/1997,8:10pm,,,,,,shade,9.6 c,14.0 c,,no reading,3.81,
R-44,8,,,,6/20/1997,8:10pm,,,,,,,,13.3 c,,no reading,1.8,
R-45,9,,,,6/20/1997,8:20pm,,,,,,shade,9.9 c,10.0 c,,39,bad analysis,
R-46,9,,,,6/20/1997,8:20pm,,,,,,,,11.0 c,,0,0.36,
R-47,10,,,,6/20/1997,8:30pm,,,,,,shade,9.0 c,10.3 c,,60,0.68,
R-48,10,,,,6/20/1997,8:30pm,,,,,,,,10.7 c,,no reading,0.62,
R-49,11,,,,6/20/1997,8:40pm,,,,,,shade,14.7 c,14.4 c,,62,0.39,
R-50,11,,,,6/20/1997,8:40pm,,,,,,,,14.5 c,,no reading,0.29,
,,,,,,,,,,,,,,,,,,
,,TRANSECT 3/3,,,,,,,,,,,,,,,,
,,moisture meter broken,,,,,,,,,,,,,,,,
R-51,1,,,,6/21/1997,7:45am,,,,,,shade,4.4 c,14.3 c,,,0.34,
R-52,1,,,,6/21/1997,7:45am,,,,,,,,no reading,,,0.26,
R-53,2,,,,6/21/1997,8:00am,,,,,,sunny,7.6 c,11.5 c,,,0.54,
R-54,2,,,,6/21/1997,8:00am,,,,,,,,12.7 c,,,0.55,
R-55,3,,,,6/21/1997,8:10am,,,,,,shade,9.4 c,13.5 c,,,0.43,
R-56,3,,,,6/21/1997,,,,,,,,,15.2 c,,,0.64,
R-57,4,,,,6/21/1997,8:25am,,,,,,shade,7.0 c,13.3 c,,,0.38,
R-58,4,,,,6/21/1997,,,,,,,sunny,,13.6 c,,,0.44,
R-59,4,,,,6/21/1997,,,,,,,shade,,15.6 c,,,0.32,
R-60,5,,,,6/21/1997,8:40am,,,,,,sunny,10.4 c,13.0 c,,,0.35,
R-61,5,,,,6/21/1997,,,,,,,,,14.6 c,,,0.25,
R-62,5,,,,6/21/1997,,,,,,,,,14.4 c,,,0.38,
R-63,6,,,,6/21/1997,8:45am,,,,,,sun/shade,7.4 c,8.5 c,,,0.28,
R-64,6,,,,6/21/1997,,,,,,,,,9.0 c,,,0.44,
R-65,7,,,,6/21/1997,9:15am,,,,,,sunny,7.8 c,12.7 c,,,0.89,
R-66,7,,,,6/21/1997,,,,,,,,,13.2 c,,,1.44,
R-67,8,,,,6/21/1997,9:20am,,,,,,shade,6.0 c,12.9 c,,,3.49,
R-68,8,,,,6/21/1997,,,,,,,,,12.9 c,,,1.66,
R-69,9,,,,6/21/1997,9:25am,,,,,,shade,7.5 c,9.6 c,,,0.42,
R-70,9,,,,6/21/1997,,,,,,,,,10.2 c,,,0.36,
R-71,10,,,,6/21/1997,9:30am,,,,,foggy,shade,5.8 c,9.8 c,,,0.72,
R-72,10,,,,6/21/1997,,,,,,,,,9.5 c,,,0.71,
R-73,11,,,,6/21/1997,9:40am,,,,,foggy,shade,8.6 c,13.0 c,,,0.38,
R-74,11,,,,6/21/1997,,,,,,,,,13.2 c,,,0.27,
,,,,,,,,,,,,,,,,,,
R-75,C,POPPED  (under tree),,,6/21/1997,1:45pm,,,,,cloudy,shade,11.2 c,10.5 c,,,bad sample,
R-76,C,grass clearing,,,6/21/1997,,,,,,,,,13.2 c,,,2.81,
R-77,B,,,,6/21/1997,2:20pm,,,,,,shade,11.4 c,9.6 c,,,0.58,
R-78,B,,,,6/21/1997,,,,,,,,,9.7 c,,,0.79,
R-79,A,,,,6/21/1997,2:40pm,,,,,clear,sunny,12.6 c,14.1 c,,,0.65,
R-80,A,,,,6/21/1997,,,,,,,,,14.3 c,,,0.82,
,,,,,,,,,,,,,,,,,,
,,TRANSECT 3/4,,,,,,,,,,,,,,,,
,,,,,,,,,,,,,,,,,,
R-81,1,,,,6/21/1997,4:20pm,,,,,clear,sunny,10.8 c,14.9 c,,top dry,0.28,
R-82,1,,,,6/21/1997,,,,,,,,,15.4 c,,,0.24,
R-83,2,,,,6/21/1997,4:35pm,,,,,,sunny,11.7 c,11.4 c,,top dry,0.58,
R-84,2,,,,6/21/1997,,,,,,,,,12.9 c,,,0.53,
R-85,3,,,,6/21/1997,4:45pm,,,,,,sunny,11.5 c,14.6 c,,top dry,0.48,
R-86,3,,,,6/21/1997,,,,,,,,,14.1 c,,,0.59,
R-87,4,,,,6/21/1997,5:00pm,,,,,,sunny,12.8 c,14.1 c,,none,0.31,
R-88,4,,,,6/21/1997,,,,,,,,,13.8 c,,,0.43,
R-89,4,,,,6/21/1997,,,,,,,,,16.3 c,,,0.37,
R-90,5,,,,6/21/1997,5:10pm,,,,,,sunny,13.5 c,14.4 c,,top dry,0.31,
R-91,5,,,,6/21/1997,,,,,,,,,15.2 c,,,0.28,
R-92,5,,,,6/21/1997,,,,,,,,,15.5 c,,,0.39,
R-93,6,,,,6/21/1997,5:20pm,,,,,,shade,none,8.4 c,,mst/subduf,0.31,
R-94,6,,,,6/21/1997,,,,,,,,,8.7 c,,,0.41,
R-95,7,,,,6/21/1997,5:30pm,,,,,,sunny,12.6 c,14.1 c,,moist srfc,0.91,
R-96,7,,,,6/21/1997,,,,,,,,,14.3 c,,,1.51,
R-97,8,,,,6/21/1997,5:35pm,,,,,,sunny,12.2 c,12.6 c,,moist srfc,3.33,
R-98,8,,,,6/21/1997,,,,,,,,,12.1 c,,,bad analysis,
R-99,9,,,,6/21/1997,5:40pm,,,,,,sunny,10.3 c,9.3 c,,none,0.44,
R-100,9,,,,6/21/1997,,,,,,,,,10.0 c,,,0.38,
R-101,10,,,,6/21/1997,5:50pm,,,,,,sun/shade,9.8 c,9.5 c,,moist srfc,0.67,
R-102,10,,,,6/21/1997,,,,,,,,,9.8 c,,,0.68,
R-103,11,,,,6/21/1997,5:55pm,,,,,sundown,shade,11.5 c,13.0 c,,,0.37,
R-104,11,,,,6/21/1997,,,,,,,,,12.9 c,,,0.27,
,,,,,,,,,,,,,,,,,,
R-105,A,,,,6/22/1997,9:45am,,,,,clear,sunny,53.6 c,12.0 c,,,0.53,
R-106,A,,,,6/22/1997,,,,,,,,,12.0 c,,,0.45,
R-107,B,,,,6/22/1997,10:05am,,,,,,shade,10.2 c,8.3 c,,,0.76,
R-108,B,,,,6/22/1997,,,,,,,,,8.4 c,,,0.73,
R-109,C,under tree,,,6/22/1997,10:30am,,,,,,shade,8.4 c,10.1 c,,,1.12,
R-110,C,grass clearing,,,6/22/1997,,,,,,,,,12.6 c,,,2.75,
,,,,,,,,,,,,,,,,,,
,,MARBLE MTNS - TRIP 4,,,,,,,,,,,,,,,,
,,,,,,,,,,,,,,,,,,
,,TRANSECT 4/1,,,,,,,,,,,,,,,,
,,,,,,,,,,,,,,,,,,
S-1,1,increase/diverse vegetation,,,18-Jul,8:10am,,,,,clear,shade,10.3 c,16.4 c,,,0.41,
S-2,1,,,,7/18/1997,,,,,,,,,16.5 c,,,0.26,
S-3,2,,,,7/18/1997,8:20am,,,,,,plant shade,13.3 c,13.2 c,,,0.33,
S-4,2,,,,7/18/1997,,,,,,,,,13.1 c,,,0.46,
S-5,3,,,,7/18/1997,8:40am,,,,,,shade,12.8 c,17.8 c,,,0.46,
S-6,3,,,,7/18/1997,,,,,,,,,15.2 c,,,0.48,
S-7,4,,,,7/18/1997,8:50am,,,,,,sunny,13.6 c,16.2 c,,,0.32,
S-8,4,,,,7/18/1997,,,,,,,,,15.0 c,,,0.39,
S-9,4,,,,7/18/1997,,,,,,,,,18.0 c,,,0.4,
S-10,5,ants living undr mrkr rocks,,,7/18/1997,9:05am,,,,,,sunny,16.5 c,14.7 c,,,0.26,
S-11,5,,,,7/18/1997,,,,,,,,,15.7 c,,,0.17,
S-12,5,,,,7/18/1997,,,,,,,,,16.6 c,,,0.17,
S-13,6,,,,7/18/1997,9:20am,,,,,,shade,11.7 c,10.2 c,,,0.14,
S-14,6,,,,7/18/1997,,,,,,,,,10.5 c,,,0.33,
S-15,7,,,,7/18/1997,9:30am,,,,,,sunny,15.1 c,15.5 c,,,0.45,
S-16,7,,,,7/18/1997,,,,,,,,,15.1 c,,,0.77,
S-17,8,,,,7/18/1997,9:40am,,,,,,shade,10.3 c,14.3 c,,,3.78,
S-18,8,,,,7/18/1997,,,,,,,,,13.7 c,,,3.63,
S-19,9,,,,7/18/1997,9:45am,,,,,,shade/sun,12.8 c,11.0 c,,,0.44,
S-20,9,well damaged/moved 2' N,,,7/18/1997,,,,,,,,,11.5 c,,,0.35,
S-21,10,,,,7/18/1997,10:00am,,,,,,shade,14.0 c,11.0 c,,,,
S-22,10,,,,7/18/1997,,,,,,,,,10.9 c,,,0.6,
S-23,11,both septa gone/eaten?,,,7/18/1997,10:15am,,,,,,plant shade,18.8 c,14.8 c,,,0.34,
S-24,11,,,,7/18/1997,,,,,,,,,13.4 c,,,,
,,,,,,,,,,,,,,,,,,
,,TRANSECT 4/2,,,,,,,,,,,,,,,,
,,,,,,,,,,,,,,,,,,
S-25,1,,,,7/18/1997,7:00pm,,,,,sundown,shade,16.2 c,20.0 c,,,0.38,
S-26,1,,,,7/18/1997,,,,,,,,,19.2 c,,,0.27,
S-27,2,,,,7/18/1997,7:15pm,,,,,,shade,15.6 c,14.7 c,,,0.52,
S-28,2,,,,7/18/1997,,,,,,,,,16.2 c,,,0.41,
S-29,3,,,,7/18/1997,7:20pm,,,,,,shade,17.6 c,19.4 c,,,0.47,
S-30,3,,,,7/18/1997,,,,,,,,,17.4 c,,,0.51,
S-31,4,,,,7/18/1997,7:30pm,,,,,,shade,14.0 c,18.3 c,,,0.3,
S-32,4,disturbed,,,7/18/1997,,,,,,,,,17.5 c,,,0.3,
S-33,4,,,,7/18/1997,,,,,,,,,22.1 c,,,0.32,
S-34,5,,,,7/18/1997,7:40pm,,,,,,shade,14.5 c,19.2 c,,,0.32,
S-35,5,,,,7/18/1997,,,,,,,,,19.0 c,,,0.13,
S-36,5,,,,7/18/1997,,,,,,,,,20.3 c,,,0.39,
S-37,6,,,,7/18/1997,7:50pm,,,,,,shade,16.0 c,10.5 c,,,0.27,
S-38,6,,,,7/18/1997,,,,,,,,,11.1 c,,,0.41,
S-39,7,,,,7/18/1997,8:00pm,,,,,,shade,14.5 c,20.9 c,,,0.54,
S-40,7,,,,7/18/1997,,,,,,,,,20.3 c,,,1.15,
S-41,8,,,,7/18/1997,8:10pm,,,,,,shade,14.1 c,15.1 c,,,3.89,
S-42,8,,,,7/18/1997,,,,,,,,,14.4 c,,,3.88,
S-43,9,,,,7/18/1997,8:15pm,,,,,,shade,14.1 c,12.0 c,,,0.32,
S-44,9,,,,7/18/1997,,,,,,,,,14.3 c,,,0.56,
S-45,10,,,,7/18/1997,8:20pm,,,,,,shade,14.1 c,12.9 c,,,0.64,
S-46,10,,,,7/18/1997,,,,,,,,,12.1 c,,,0.51,
S-47,11,,,,7/18/1997,8:30pm,,,,,,shade,16.3 c,16.0 c,,,0.23,
S-48,11,,,,7/18/1997,,,,,,,,,14.4 c,,,0.31,
,,,,,,,,,,,,,,,,,,
,,TRANSECT 4/3,,,,,,,,,,,,,,,,
,,,,,,,,,,,,,,,,,,
S-49,1,,,,7/19/1997,8:05am,,,,,clear,shade,13.5 c,16.7 c,,,0.26,
S-50,1,,,,7/19/1997,,,,,,,,,17.0 c,,,0.27,
S-51,2,,,,7/19/1997,8:15am,,,,,,sunny,15.4 c,13.7 c,,,0.47,
S-52,2,,,,7/19/1997,,,,,,,,,14.1 c,,,0.42,
S-53,3,,,,7/19/1997,8:25am,,,,,,tree shade,17.2 c,15.4 c,,,0.45,
S-54,3,,,,7/19/1997,,,,,,,,,18.2 c,,,0.48,
S-55,4,,,,7/19/1997,8:45am,,,,,sun/shade,shade,15.3 c,16.3 c,,,0.3,
S-56,4,,,,7/19/1997,,,,,,,,,15.0 c,,,0.4,
S-57,4,,,,7/19/1997,,,,,,,,,18.1 c,,,0.38,
S-58,5,,,,7/19/1997,9:00am,,,,,,sunny,17.8 c,15.6 c,,,0.32,
S-59,5,,,,7/19/1997,,,,,,,,,16.7 c,,,0.15,
S-60,5,,,,7/19/1997,,,,,,,,,17.7 c,,,0.38,
S-61,6,,,,7/19/1997,9:15am,,,,,,shade,15.3 c,10.8 c,,,0.21,
S-62,6,,,,7/19/1997,,,,,,,,,10.4 c,,,0.46,
S-63,7,,,,7/19/1997,9:20am,,,,,,sunny,17.6 c,16.4 c,,,0.36,
S-64,7,,,,7/19/1997,,,,,,,,,16.4 c,,,0.78,
S-65,8,,,,7/19/1997,9:25am,,,,,,shade,16.7 c,13.4 c,,,3.7,
S-66,8,,,,7/19/1997,,,,,,,,,13.8 c,,,3.54,
S-67,9,,,,7/19/1997,9:30am,,,,,,shade,14.4 c,11.6 c,,,0.35,
S-68,9,,,,7/19/1997,,,,,,,,,13.4 c,,,0.58,
S-69,10,,,,7/19/1997,9:40am,,,,,,sun/shade,17.8 c,11.2 c,,,0.57,
S-70,10,,,,7/19/1997,,,,,,,,,11.9 c,,,0.56,
S-71,11,,,,7/19/1997,9:45am,,,,,,sun/shade,19.7 c,14.6 c,,,0.43,
S-72,11,,,,7/19/1997,,,,,,,,,13.7 c,,,0.28,
,,,,,,,,,,,,,,,,,,
,,TRANSECT 4/4,,,,,,,,,,,,,,,,
,,,,,,,,,,,,,,,,,,
S-73,1,,,,7/19/1997,7:05pm,,,,,clear/sndwn,shade,19.1 c,19.8 c,,,0.31,
S-74,1,,,,7/19/1997,,,,,,,,,21.2 c,,,0.3,
S-75,2,,,,7/19/1997,7:15pm,,,,,,shade,18.6 c,15.3 c,,,0.52,
S-76,2,,,,7/19/1997,,,,,,,,,15.7 c,,,0.33,
S-77,3,,,,7/19/1997,7:20am,,,,,,shade,18.0 c,20.3 c,,,0.43,
S-78,3,,,,7/19/1997,,,,,,,,,17.7 c,,,0.44,
S-79,4,,,,7/19/1997,7:30pm,,,,,,shade,18.6 c,17.8 c,,,0.35,
S-80,4,,,,7/19/1997,,,,,,,,,18.2 c,,,0.43,
S-81,4,,,,7/19/1997,,,,,,,,,23.0 c,,,0.39,
S-82,5,,,,7/19/1997,7:40pm,,,,,,shade,18.4 c,19.8 c,,,0.12,
S-83,5,,,,7/19/1997,,,,,,,,,20.3 c,,,0.15,
S-84,5,,,,7/19/1997,,,,,,,,,20.8 c,,,0.35,
S-85,6,,,,7/19/1997,7:45pm,,,,,,shade,18.5 c,11.2 c,,,0.27,
S-86,6,,,,7/19/1997,,,,,,,,,11.7 c,,,0.43,
S-87,7,,,,7/19/1997,7:50pm,,,,,,shade,19.2 c,21.5 c,,,0.49,
S-88,7,,,,7/19/1997,,,,,,,,,21.6 c,,,0.6,
S-89,8,,,,7/19/1997,8:00pm,,,,,,shade,15.2 c,15.5 c,,,3.72,
S-90,8,,,,7/19/1997,,,,,,,,,15.3 c,,,2.48,
S-91,9,,,,7/19/1997,8:05pm,,,,,,shade,15.8 c,13.2 c,,,,
S-92,9,,,,7/19/1997,,,,,,,,,14.5 c,,,0.58,
S-93,10,,,,7/19/1997,8:10pm,,,,,,shade,18.2 c,13.9 c,,,0.54,
S-94,10,,,,7/19/1997,,,,,,,,,13.6 c,,,0.44,
S-95,11,,,,7/19/1997,8:15pm,,,,,,shade,20.2 c,16.2 c,,,0.41,
S-96,11,,,,7/19/1997,,,,,,,,,14.4 c,,,0.34,
,,,,,,,,,,,,,,,,,,
S-97,C,under tree,,,7/20/1997,11:10am,,,,,clear,shade,19.4 c,13.3 c,,,0.73,
S-98,C,grass clearing,,,7/20/1997,,,,,,,,,14.6 c,,,1.22,
S-99,B,,,,7/20/1997,11:30am,,,,,,shade,23.8 c,11.7 c,,,0.46,
S-100,B,,,,7/20/1997,,,,,,,,,11.8 c,,,0.45,
S-101,A,,,,7/20/1997,11:50am,,,,,,sun,25.9 c,17.3 c,,,0.6,
S-102,A,,,,7/20/1997,,,,,,,,,18.6 c,,,,
,,,,,,,,,,,,,,,,,,
,,TRANSECT 4/5,,,,,,,,,,,,,,,,
,,,,,,,,,,,,,,,,,,
S-103,1,,,,7/20/1997,2:40pm,,,,,,sun,24.2 c,18.2 c,,dry,0.32,
S-104,1,,,,7/20/1997,,,,,,,,,19.1 c,,dry,0.28,
S-105,2,,,,7/20/1997,2:45pm,,,,,,sun,24.3 c,14.8 c,,dry,0.48,
S-106,2,,,,7/20/1997,,,,,,,,,14.8 c,,dry,0.37,
S-107,3,,,,7/20/1997,2:55pm,,,,,,sun,28.5 c,18.4 c,,,0.26,0.53
S-108,3,,,,7/20/1997,,,,,,,,,16.8 c,,,0.41,
S-109,4,,,,7/20/1997,3:05pm,,,,,,sun,26.7 c,17.4 c,,,0.2,
S-110,4,,,,7/20/1997,,,,,,,,,16.8 c,,,0.36,
S-111,4,,,,7/20/1997,,,,,,,,,21.3 c,,,0.37,
S-112,5,,,,7/20/1997,3:15pm,,,,,,sun,27.3 c,18.2 c,,dry,0.34,
S-113,5,,,,7/20/1997,,,,,,,,,18.5 c,,dry,0.17,
S-114,5,,,,7/20/1997,,,,,,,,,19.5 c,,dry,0.31,
S-115,6,,,,7/20/1997,3:25pm,,,,,,plant shadesun/shade,25.9 c,11.6 c,,moist,0.31,
S-116,6,,,,7/20/1997,,,,,,,,,11.6 c,,moist,0.44,
S-117,7,,,,7/20/1997,3:30pm,,,,,,sun,28.3 c,20.2 c,,dry,0.51,
S-118,7,,,,7/20/1997,,,,,,,,,20.4 c,,dry,1.11,
S-119,8,,,,7/20/1997,3:40pm,,,,,,plant shade,28.4 c,14.9 c,,moist,3.97,
S-120,8,,,,7/20/1997,,,,,,,,,14.4 c,,moist,,
S-121,9,,,,7/20/1997,3:45pm,,,,,,shade,25.5 c,12.3 c,,,0.4,
S-122,9,,,,7/20/1997,,,,,,,sun/shade,,14.6 c,,,0.58,
S-123,10,,,,7/20/1997,3:50pm,,,,,,sun/shade,25.7 c,12.0 c,,,0.46,
S-124,10,,,,7/20/1997,,,,,,,,,12.8 c,,,0.36,
S-125,11,,,,7/20/1997,4:00pm,,,,,,plant shade,28.7 c,17.3 c,,,0.31,
S-126,11,,,,7/20/1997,,,,,,,,,14.7 c,,,0.63,
,,,,,,,,,,,,,,,,,,
,,MARBLE MTNS - TRIP 5,,,,,,,,,,,,,,,,
,,,,,,,,,,,,,,,,,,
,,TRANSECT 5/1,,,,,,,,,,,,,,,,
,,purged wells,,,,,,,,,,,,,,,,
,,,,,,,,,,,,,,,,,,
T-1,1,very few flowers,,,8/30/1997,8:45am,,,,,,sun,,,,,0.44,
T-2,1,,,,,,,,,,,,,,,,0.36,
T-3,2,still brushy / dieing back,,,,9:00am,,,,,,filtered sun,,,,,0.46,
T-4,2,,,,,,,,,,,,,,,,0.38,
T-5,3,brown grass,,,,9:05am,,,,,,shade,,,,,0.44,
T-6,3,,,,,,,,,,,sun,,,,,0.3,
T-7,4,brown grass,,,,9:15am,,,,,,sun,,,,,0.31,
T-8,4,,,,,,,,,,,,,,,,0.44,
T-9,4,,,,,,,,,,,,,,,,0.37,
T-10,5,brown grass,,,,9:30am,,,,,,sun,,,,,0.26,
T-11,5,,,,,,,,,,,,,,,,0.17,
T-12,5,,,,,,,,,,,,,,,,0.36,
T-13,6,same old duff,,,,9:40am,,,,,,filtered sun,,,,,0.27,
T-14,6,,,,,,,,,,,,,,,,0.46,
T-15,7,brown grass/few flowers,,,,9:50am,,,,,,sun,,,,,0.27,
T-16,7,,,,,,,,,,,,,,,,0.34,
T-17,8,green grass/dead hellabor,,,,10:10am,,,,,,sun,,,,moist,2.48,
T-18,8,,,,,,,,,,,,,,,moist,no sample,
T-19,9,good old duff,,,,10:20am,,,,,,shade,,,,,0.29,
T-20,9,,,,,,,,,,,,,,,,0.47,
T-21,10,duff/some brown grass,,,,10:35am,,,,,,shade,,,,,0.5,
T-22,10,,,,,,,,,,,,,,,,no sample,
T-23,11,no flowers/still shrubby,,,,10:45am,,,,,,filtered sun,,,,,0.37,
T-24,11,,,,,,,,,,,,,,,,0.31,
,,,,,,,,,,,,,,,,,,
T-25,A,under tree,,,8/30/1997,2:35pm,,,,,,shade,20.8 c,12.2 c,,,0.12,
T-26,A,under tree,,,,,,,,,,,,12.2 c,,,0.52,
T-27,A,grass (brown),,,,,,,,,,,,13.7 c,,,0.78,
T-28,B,duffy duff duff,,,,3:15pm,,,,,,shade,18.8 c,10.5 c,,,0.26,
T-29,B,duffy duff duff,,,,,,,,,,,,10.8 c,,,0.6,
T-30,C,brown grass,,,,3:40pm,,,,,,sun,17.6 c,15.8 c,,,0.36,
T-31,C,brown grass,,,,,,,,,,,,17.0 c,,,0.36,
,,,,,,,,,,,,,,,,,,
,,TRANSECT 5/2,,,,,,,,,,,,,,,,
,,,,,,,,,,,,,,,,,,
T-32,1,,,,8/30/1997,6:35pm,,,,,,shade,14.1 c,19.9 c,,,0.49,
T-33,1,,,,,,,,,,,,,21.3 c,,,0.39,
T-34,2,,,,,6:40pm,,,,,,shade,13.3 c,14.8 c,,,0.45,
T-35,2,,,,,,,,,,,,,15.8 c,,,0.37,
T-36,3,,,,,6:50pm,,,,,,shade,13.1 c,15.3 c,,,0.43,
T-37,3,,,,,,,,,,,,,15.1 c,,,0.34,
T-38,4,,,,,7:00pm,,,,,,shade,13.0 c,17.8 c,,,0.36,
T-39,4,,,,,,,,,,,,,18.5 c,,,0.38,
T-40,4,,,,,,,,,,,,,17.9 c,,,0.32,
T-41,5,,,,,7:15pm,,,,,,shade,13.1 c,17.7 c,,,0.12,
T-42,5,,,,,,,,,,,,,18.5 c,,,0.27,
T-43,5,,,,,,,,,,,,,17.9 c,,,0.35,
T-44,6,,,,,7:25pm,,,,,,shade,12.9 c,11.3 c,,,0.26,
T-45,6,,,,,,,,,,,,,11.5 c,,,0.42,
T-46,7,,,,,7:30pm,,,,,,shade,12.8 c,18.9 c,,,0.35,
T-47,7,,,,,,,,,,,,,20.5 c,,,0.38,
T-48,8,soil is very dense,,,,7:35pm,,,,,,shade,12.7 c,15.0 c,,,2.35,
T-49,8,soil is very dense,,,,,,,,,,,,14.4 c,,,2.25,
T-50,9,,,,,7:40pm,,,,,,shade,12.5 c,11.4 c,,,0.37,
T-51,9,,,,,,,,,,,,,13.4 c,,,0.49,
T-52,10,,,,,7:45pm,,,,,,shade,12.2 c,11.1 c,,,0.44,
T-53,10,,,,,,,,,,,,,13.1 c,,,0.39,
T-54,11,,,,,7:55pm,,,,,,shade,13.1 c,15.0 c,,,0.35,
T-55,11,,,,,,,,,,,,,14.0 c,,,0.27,
,,,,,,,,,,,,,,,,,,
,,TRANSECT 5/3,,,,,,,,,,,,,,,,
,,,,,,,,,,,,,,,,,,
T-56,11,,,,8/31/1997,8:30am,,,,,,sun,15.8 c,15.1 c,,,0.4,
T-57,11,,,,,,,,,,,,,14.0 c,,,0.36,
T-58,10,,,,,8:40am,,,,,,filtered sun,12.4 c,11.1 c,,,0.4,
T-59,10,,,,,,,,,,,,,11.5 c,,,0.37,
T-60,9,,,,,8:45am,,,,,,shade,12.0 c,12.0 c,,,0.35,
T-61,9,,,,,,,,,,,,,13.0 c,,,bad sample,
T-62,8,,,,,8:50am,,,,,,shade,11.9 c,13.8 c,,,2.33,
T-63,8,,,,,,,,,,,,,14.2 c,,,POPPED,
T-64,7,,,,,9:00am,,,,,,filtered sun,15.1 c,16.0 c,,,bad sample,
T-65,7,,,,,,,,,,,,,16.0 c,,,0.34,
T-66,6,,,,,9:05am,,,,,,shade,13.2 c,11.3 c,,,POPPED?,
T-67,6,,,,,,,,,,,,,12.7 c,,,POPPED?,
T-68,5,,,,,9:15am,,,,,,sun,14.6 c,13.8 c,,,POPPED?,
T-69,5,,,,,,,,,,,,,14.9 c,,,bad well,
T-70,5,,,,,,,,,,,,,15.0 c,,,no sample,
T-71,4,,,,,10:04am,,,,,,sun,13.5 c,15.3 c,,,POPPED,
T-72,4,,,,,,,,,,,,,13.1 c,,,na sample,
T-73,4,,,,,,,,,,,,,16.0 c,,,POPPED,
T-74,3,,,,,10:20am,,,,,,sun,14.8 c,14.7 c,,,0.29,
T-75,3,,,,,,,,,,,,,14.5 c,,,0.3,
T-76,2,,,,,10:25am,,,,,,sun,15.5 c,13.2 c,,,no sample,
T-77,2,,,,,,,,,,,,,14.0 c,,,bad sample,
T-78,1,,,,,10:35am,,,,,,sun,18.2 c,16.5 c,,,2.22,
T-79,1,,,,,,,,,,,,,16.5 c,,,POPPED,
,,,,,,,,,,,,,,,,,,
,,TRANSECT 5/4,,,,,,,,,,,,,,,,
,,took most bulk density,,,,,,,,,,,,,,,,
,,,,,,,,,,,,,,,,,,
T-80,11,2 cm below full,,,,5:55pm,,,,,,shade,16.6 c,15.4 c,,,0.39,
T-81,11,,,,,,,,,,,,,15.0 c,,,0.3,
T-82,10,none,,,,6:10pm,,,,,,shade,15.4 c,11.2 c,,,POPPED,
T-83,10,,,,,,,,,,,,,10.9 c,,,0.37,
T-84,9,full can,,,,6:25pm,,,,,,shade,14.5 c,11.6 c,,,0.33,
T-85,9,,,,,,,,,,,,,13.4 c,,,0.46,
T-86,8,2 cm below full,,,,6:35pm,,,,,,shade,14.3 c,15.7 c,,,2.27,
T-87,8,,,,,,,,,,,,,15.2 c,,,2.2,
T-88,7,none,,,,6:55pm,,,,,,shade,14.5 c,19.9 c,,,POPPED,
T-89,7,,,,,,,,,,,,,20.3 c,,,0.37,
T-90,6,1.5 cm below full,,,,7:00pm,,,,,,shade,14.8 c,11.6 c,,,0.25,
T-91,6,,,,,,,,,,,,,11.5 c,,,POPPED,
T-92,5,0.9 cm below top,,,,7:10pm,,,,,,shade,14.0 c,18.4 c,,,POPPED,
T-93,5,,,,,,,,,,,,,18.2 c,,,POPPED,
T-94,5,,,,,,,,,,,,,17.7 c,,,0.31,
T-95,1,1.9 cm below full,,,,7:45pm,,,,,,shade,12.9 c,20.5 c,,,0.47,
T-96,1,,,,,,,,,,,,,20.4 c,,,no sample,
T-97,2,0.5 cm below full,,,,8:00pm,,,,,,shade,13.2 c,15.6 c,,,0.47,
T-98,2,,,,,,,,,,,,,16.6 c,,,0.35,
T-99,3,full can,,,,8:10pm,,,,,,shade,12.1 c,16.0 c,,,0.43,
T-100,3,,,,,,,,,,,,,17.3 c,,,0.31,
T-101,4,3 cm below full + rock,,,,8:20pm,,,,,,shade,12.3 c,19.8 c,,,0.37,
T-102,4,,,,,,,,,,,,,17.2 c,,,0.26,
T-103,4,,,,,,,,,,,,,21.8 c,,,0.37,
,,,,,,,,,,,,,,,,,,
,,TRANSECT 5/5,,,,,,,,,,,,,,,,
,,well depth measured,,,,,,,,,,,,,,,,
T-104,1,13. 3/8 in,,,,9:30am,,,,,,sun,17.0 c,16.3 c,,,0.34,
T-105,1,  8. 5/8 in,,,,,,,,,,,,16.1 c,,,0.36,
T-106,2,14. 1/8 in,,,,9:40am,,,,,,sun,15.1 c,13.8 c,,,0.42,
T-107,2,12. 3/4 in,,,,,,,,,,,,13.9 c,,,no sample,
T-108,3,10. 1/2 in,,,,9:50am,,,,,,sun,16.3 c,14.0 c,,,0.37,
T-109,3,11. 5/8 in,,,,,,,,,,,,14.0 c,,,0.3,
T-110,4,8. 5/8 in,,,,10:00am,,,,,,sun,15.9 c,16.0 c,,,0.33,
no sample,4,9 in,,,,,,,,,,,,no sample,,,no sample,
T-111,4,8. 3/4 in,,,,,,,,,,,,16.8 c,,,0.32,
T-112,5,9. 5/8 in,,,,10:10am,,,,,,sun,18.0 c,14.8 c,,,0.2,
no samle,5,bad well / no holes,,,,,,,,,,,,no sample,,,no sample,
T-113,5,9. 7/8 in,,,,,,,,,,,,15.4 c,,,0.3,
T-114,6,8. 1/2 in,,,,10:20am,,,,,,filtered sun,15.3 c,11.2 c,,,0.27,
T-115,6,9. 3/8 in,,,,,,,,,,,,11.3 c,,,0.42,
T-116,7,8 in,,,,10:30am,,,,,,sun,16.2 c,16.0 c,,,0.2,
T-117,7,8. 1/2 in,,,,,,,,,,,,16.2 c,,,bad sample,
T-118,8,9. 3/4 in          new wells,,,,10:35am,,,,,,sun,15.2 c,13.6 c,,,2.28,
T-119,8,9. 1/2 in          new wells,,,,,,,,,,,,13.9 c,,,2.03,
T-120,9,8. 1/4 in,,,,10:40am,,,,,,shade,17.1 c,11.2 c,,,0.34,
T-121,9,8. 3/8 in,,,,,,,,,,,,13.2 c,,,0.41,
T-122,10,9. 3/8,,,,10.50am,,,,,,shade,16.8 c,10.6 c,,,0.47,
T-123,10,8. 3/4,,,,,,,,,,,,11.2 c,,,0.37,
T-124,11,7 in,,,,11:00am,,,,,,sun,21.0 c,14.5 c,,,0.37,
T-125,11,6. 3/4 in,,,,,,,,,,,,13.5 c,,,0.29,
,,,,,,,,,,,,,,,,,,
,,,,,,,,,,,,,,,,,,
T-63A,8,to replace T-63 ,,,,8:30am,,,,,,shade,9.9 c,14.3 c,,,no sample!,
,,,,,,,,,,,,,,,,,,
,,,,,,,,,,,,,,,,,,
,,MARBLES TRIP 6  10/25,,,,,,,,,,,,,,,,
,,,,,,,,,,,,,,,,,,
,,TRANSECT 1,,,,,,,,,,,,,,,,
,,,,,,,,,,,,,,,,,,
U-1,11,,,,10/25/1997,3:20 PM,,,,,,shade,10.7 c,4.5 c,,,0.4,
U-2,11,,,,,,,,,,,,,4.5 c,,,0.41,
U-3,11,,,,,,,,,,,,,2.9 c,,,bad sample,
U-4,11,,,,,,,,,,,,,2.9 c,,,0.34,
U-5,1,,,,,4:30 PM,,,,,,sun,13.2 c,9.5 c,,,0.33,
U-6,1,,,,,,,,,,,,,9.5 c,,,0.33,
U-7,1,,,,,,,,,,,,,10.7 c,,,0.31,
U-8,1,,,,,,,,,,,,,10.7 c,,,0.31,
U-9,1,,,,,,,,,,,,,9.8 c,,,0.43,
U-10,1,,,,,,,,,,,,,9.8 c,,,0.43,
U-11,2,,,,,4:45 PM,,,,,,shade,9.5 c,5.6 c,,,0.28,
U-12,2,,,,,,,,,,,,,5.6 c,,,0.31,
U-13,2,,,,,,,,,,,,,5.6 c,,,0.37,
U-14,2,,,,,,,,,,,,,5.6 c,,,0.42,
U-15,3,,,,,5:00 PM,,,,,,shade,6.7 c,2.2 c,,under snow,0.29,
U-16,3,,,,,,,,,,,,,2.2 c,,under snow,0.28,
U-17,3,,,,,,,,,,,,,2.9 c,,,0.26,
U-18,3,,,,,,,,,,,,,2.9 c,,,0.28,
U-19,4,,,,,5:10 PM,,,,,,shade,7.4 c,6.4 c,,,0.34,
U-20,4,,,,,,,,,,,,,6.4 c,,,0.35,
U-21,4,,,,,,,,,,,,,4.6 c,,,0.32,
U-22,4,,,,,,,,,,,,,4.6 c,,,0.35,
U-23,4,,,,,,,,,,,,,no temp,,under snow,0.31,
U-24,4,,,,,,,,,,,,,no temp,,under snow,0.29,
U-25,5,,,,,5:20 PM,,,,,,shade,6.6 c,5.7 c,,,0.22,
U-26,5,,,,,,,,,,,,,5.7 c,,,0.27,
U-27,5,,,,,,,,,,,,,5.7 c,,,0.24,
U-28,5,,,,,,,,,,,,,5.7 c,,,0.21,
U-29,5 to 6,,,,,5:30 PM,,,,,,shade,none,2.0 c,,under snow,0.22,
U-30,5 to 6,,,,,,,,,,,,,2.0 c,,under snow,0.24,
U-31,6,,,,,5:40 PM,,,,,,shade,7.4 c,5.6 c,,,0.39,
U-32,6,,,,,,,,,,,,,5.6 c,,,0.36,
U-33,6,,,,,,,,,,,,,5.7 c,,,0.43,
U-34,6,,,,,,,,,,,,,5.7 c,,,0.48,
U-35,7,,,,,5:55 PM,,,,,,shade,4.5 c,10.4 c,,grndwater?,0.32,
U-36,7,,,,,,,,,,,,,10.4 c,,grndwater?,0.22,
U-37,7,,,,,,,,,,,,,10.3 c,,grndwater?,0.17,
U-38,7,,,,,,,,,,,,,10.3 c,,grndwater?,0.16,
U-39,8,,,,,6:05 PM,,,,,,shade,2.2 c,2.6 c,,edge/snow,1.39 c,
U-40,8,,,,,,,,,,,,,2.6 c,,edge/snow,1.43 c,
U-41,9,,,,,6:20 PM,,,,,,shade,4.7 c,3.7 c,,,0.46,
U-42,9,,,,,,,,,,,,,3.7 c,,,0.52,
U-43,10,,,,,6:25 PM,,,,,,shade,1.7 c,2.2 c,,,0.64,
U-44,10,,,,,,,,,,,,,2.2 c,,,0.64,
U-45,11,,,,,6:35 PM,,,,,,shade,5.4 c,5.6 c,,,0.43,
U-46,11,,,,,,,,,,,,,5.6 c,,,0.43,
U-47,11,,,,,,,,,,,,,3.0 c,,,0.3,
U-48,11,,,,,,,,,,,,,3.0 c,,,0.35,
,,,,,,,,,,,,,,,,,,
U-49,11,,,,10/26/1997,8:00 AM,,,,,,sun,5.3 c,5.1 c,,,0.35,
U-50,11,,,,,,,,,,,,,5.1 c,,,0.35,
U-51,11,,,,,,,,,,,,,3.7 c,,,0.3,
U-52,11,,,,,,,,,,,,,3.7 c,,,0.3,
,,,,,,,,,,,,,,,,,,
,,TRANSECT 2,,,,,,,,,,,,,,,,
,,,,,,,,,,,,,,,,,,
U-53,1,,,,10/26/1997,9:40 AM,,,,,,sun,9.7 c,7.9 c,,,0.23,
U-54,1,,,,,,,,,,,,,7.9 c,,,bad sample,
U-55,1,,,,,,,,,,,,,7.7 c,,,0.25,
U56,1,,,,,,,,,,,,,7.7 c,,,0.25,
U-57,1,,,,,,,,,,,,,8.4 c,,,0.38,
U-58,1,,,,,,,,,,,,,8.4 c,,,0.31,
U-59,2,,,,,9:55 AM,,,,,,sun,9.1 c,5.3 c,,,0.28,
U-60,2,,,,,,,,,,,,,5.3 c,,,0.25,
U-61,2,,,,,,,,,,,,,4.7 c,,,0.24,
U-62,2,,,,,,,,,,,,,4.7 c,,,0.26,
U-63,3,,,,,10:05 AM,,,,,,shade,6.4 c,1.9 c,,under snow,0.35,
U-64,3,,,,,,,,,,,,,1.9 c,,under snow,bad sample,
U-65,3,,,,,,,,,,,,,2.4 c,,,0.28,
U-66,3,,,,,,,,,,,,,2.4 c,,,0.27,
U-67,4,,,,,10:15 AM,,,,,,filtered sun,6.8 c,5.2 c,,,0.2,
U-68,4,,,,,,,,,,,,,5.2 c,,,0.21,
U-69,4,,,,,,,,,,,,,3.8 c,,,0.17,
U-70,4,,,,,,,,,,,,,3.8 c,,,0.17,
U-71,4,,,,,,,,,,,,,1.5 c,,under snow,0.41,
U-72,4,,,,,,,,,,,,,1.5 c,,under snow,0.43,
U-73,5,,,,,10:30 AM,,,,,,sun,10.8 c,4.4 c,,,0.24,
U-74,5,,,,,,,,,,,,,4.4 c,,,0.24,
U-75,5,,,,,,,,,,,,,4.2 c,,,0.2,
U-76,5,,,,,,,,,,,,,4.2 c,,,0.22,
U-77,5 to 6,,,,,10:40 AM,,,,,,shade,7.2 c,1.9 c,,under snow,0.23,
U-78,5 to 6,,,,,,,,,,,,,1.9 c,,under snow,0.21,
U-79,6,,,,,10:45 AM,,,,,,filtered sun,8.0 c,6.4 c,,,0.48,
U-80,6,,,,,,,,,,,,,5.8 c,,,0.33,
U-81,7,,,,,10:55 AM,,,,,,sun,10.4 c,6.8 c,,,0.21,
U-82,7,,,,,,,,,,,,,6.8 c,,,0.18,
U-83,7,,,,,,,,,,,,,6.9 c,,,0.95,
U-84,7,,,,,,,,,,,,,6.9 c,,,0.99,
U-85,8,,,,,11:10 AM,,,,,,shade,9.2 c,2.3 c,,under snow,1.26,
U-86,8,,,,,,,,,,,,,2.3 c,,under snow,1.29,
U-87,9,,,,,11:20 AM,,,,,,shade ,8.0 c,3.7 c,,,0.4,
U-88,9,,,,,,,,,,,,,3.7 c,,,0.39,
U-89,10,,,,,11:25 AM,,,,,,shade,7.0 c,2.4 c,,,0.51,
U-90,10,,,,,,,,,,,,,2.4 c,,,0.55,
U-91,11,,,,,11:30 AM,,,,,,sun,10.6 c,5.0 c,,,0.39,
U-92,11,,,,,,,,,,,,,5.0 c,,,0.4,
U-93,11,,,,,,,,,,,,,5.0 c,,,0.4,
U-94,11,,,,,,,,,,,,,3.4 c,,,0.33,
U-95,11,,,,,,,,,,,,,3.4 c,,,0.34,
U-96,11,,,,,,,,,,,,,3.4 c,,,0.36,
